dataset,model,variant,seed,f1,f1_std,f1_ci_lo,f1_ci_hi,precision,recall,accuracy,auc,ece_pre,ece_post_temp,temperature_T,train_s,ms_per_sample,peak_ram_mb,peak_vram_mb,trainable_params,git_commit,n_seeds,f1_min,f1_max,precision_std,precision_min,precision_max,recall_std,recall_min,recall_max,accuracy_std,accuracy_min,accuracy_max,train_s_std,train_s_min,train_s_max,ms_per_sample_std,ms_per_sample_min,ms_per_sample_max,peak_ram_mb_std,peak_ram_mb_min,peak_ram_mb_max,peak_vram_mb_std,peak_vram_mb_min,peak_vram_mb_max,auc_std,auc_min,auc_max,ece_pre_std,ece_pre_min,ece_pre_max,ece_post_temp_std,ece_post_temp_min,ece_post_temp_max
euvsdisinfo,llama31-8b,lora_big,13,0.9794489338003687,0.0030429593606787235,0.9734957102482757,0.9854398588328179,0.979289929485906,0.9797367159571483,0.9794784999999999,,,,,4589.897,2294.948,5785.6,15112.5,83886080,unknown,,,,,,,,,,,,,,,,,,,,,,,,,,,,,,,,,
euvsdisinfo,llama31-8b,lora_big,42,0.9676395072604553,0.003989945244845772,0.9593834099701608,0.975000282290058,0.9670147090415765,0.9688576315697118,0.9677625000000001,,,,,5046.745,2523.373,5641.9,15112.5,83886080,unknown,,,,,,,,,,,,,,,,,,,,,,,,,,,,,,,,,
euvsdisinfo,llama31-8b,lora_big,71,0.9749121825897137,0.0034160522847606315,0.967984504500178,0.9814983524272446,0.9748026160696843,0.9751425994490016,0.9749410000000001,,,,,6043.247,3021.623,5713.6,15112.5,83886080,unknown,,,,,,,,,,,,,,,,,,,,,,,,,,,,,,,,,
euvsdisinfo,llama31-8b,zs_short,13,0.6137625449222748,0.015690607413539056,0.5823805633230876,0.6443556044488996,0.7863508353189546,0.6638542437659565,0.6504670000000001,,,,,341.851,341.851,4917.1,6505.4,0,unknown,,,,,,,,,,,,,,,,,,,,,,,,,,,,,,,,,
euvsdisinfo,llama31-8b,zs_short,42,0.6269056589752641,0.015454292744539154,0.5981004588122174,0.6599149562683384,0.7817308692213205,0.6772198304189946,0.654307,,,,,428.337,428.337,4886.8,6502.6,0,unknown,,,,,,,,,,,,,,,,,,,,,,,,,,,,,,,,,
euvsdisinfo,llama31-8b,zs_short,71,0.6071713837489127,0.01611822231028282,0.5762963941705765,0.6386537291961766,0.7891418211928465,0.6587880962912409,0.647463,,,,,545.724,545.724,4881.3,6503.0,0,unknown,,,,,,,,,,,,,,,,,,,,,,,,,,,,,,,,,
euvsdisinfo,lr,tfidf,113,0.9305864980111599,0.005510406396112388,0.9197817989479606,0.9411819265539766,0.9301223563156337,0.9311601275358771,0.9316177884615384,0.9780346353879732,0.48717015566016525,,,13.978,6.72,1573.6,0.0,0,3bda4457c1cc03871c6496ea2af2c4e60872accf,,,,,,,,,,,,,,,,,,,,,,,,,,,,,,,,,
euvsdisinfo,lr,tfidf,13,0.9420372247704403,0.004927360551909019,0.9322421144232128,0.9516733464416102,0.9419096750581969,0.9423374503091076,0.9421155234657037,0.9817154730519442,0.45206552880046236,,,15.276,6.894,1194.2,0.0,0,3bda4457c1cc03871c6496ea2af2c4e60872accf,,,,,,,,,,,,,,,,,,,,,,,,,,,,,,,,,
euvsdisinfo,lr,tfidf,42,0.9365046103514221,0.005319636949822536,0.9255067525072332,0.9469853799591926,0.9360483843578163,0.9372894575864111,0.9367583643122677,0.9838974143185196,0.46462079248077937,,,15.627,7.261,1070.9,0.0,0,3bda4457c1cc03871c6496ea2af2c4e60872accf,,,,,,,,,,,,,,,,,,,,,,,,,,,,,,,,,
euvsdisinfo,lr,tfidf,71,0.9355284440530722,0.005187211785541888,0.9255863300737622,0.9450989847412742,0.9355573504338786,0.9355543419822977,0.9356240362811791,0.9836618340537059,0.45150025460610743,,,15.147,6.87,1168.7,0.0,0,3bda4457c1cc03871c6496ea2af2c4e60872accf,,,,,,,,,,,,,,,,,,,,,,,,,,,,,,,,,
euvsdisinfo,lr,tfidf,89,0.9389343593331069,0.005173465392880041,0.9284623280208615,0.9487126466583579,0.9389698529253225,0.9389535851411499,0.9394187588820464,0.9812180359496724,0.47853981374950266,,,14.975,7.094,1394.9,0.0,0,3bda4457c1cc03871c6496ea2af2c4e60872accf,,,,,,,,,,,,,,,,,,,,,,,,,,,,,,,,,
euvsdisinfo,mbert,finetune,113,0.9517475676590947,0.004688358528904722,0.9427926801214807,0.960818119361855,0.9534812851403127,0.950359500955843,0.9526798076923075,0.9896817344156476,0.5499575417367781,0.5320573953402084,1.5078602500258838,833.538,400.739,4362.9,2427.0,177854978,3bda4457c1cc03871c6496ea2af2c4e60872accf,,,,,,,,,,,,,,,,,,,,,,,,,,,,,,,,,
euvsdisinfo,mbert,finetune,13,0.9511453582461395,0.0045439908195519605,0.9424306538413257,0.960157003942568,0.9515180592188657,0.9509175801007214,0.951268501805054,0.9901707150332814,0.5015641226880176,0.48814865018302905,1.4136779895833316,828.674,373.95,4427.9,2427.0,177854978,3bda4457c1cc03871c6496ea2af2c4e60872accf,,,,,,,,,,,,,,,,,,,,,,,,,,,,,,,,,
euvsdisinfo,mbert,finetune,42,0.9640019851181915,0.004036354015286942,0.9557476843952901,0.9714825399204686,0.9636536998541229,0.9644749793570664,0.964168215613383,0.9934745710084192,0.5245731492102254,0.5067974162756875,1.437402292264144,815.797,379.088,4432.1,2427.0,177854978,3bda4457c1cc03871c6496ea2af2c4e60872accf,,,,,,,,,,,,,,,,,,,,,,,,,,,,,,,,,
euvsdisinfo,mbert,finetune,71,0.9621870070378304,0.004105546289118148,0.9541396266514769,0.9700521220077049,0.9621330921365805,0.96229698551569,0.9622362811791384,0.9924784036715539,0.5071196328059168,0.48940411224953845,1.5218515195966433,824.026,373.708,4357.2,2427.0,177854978,3bda4457c1cc03871c6496ea2af2c4e60872accf,,,,,,,,,,,,,,,,,,,,,,,,,,,,,,,,,
euvsdisinfo,mbert,finetune,89,0.9590148254677534,0.004385599128592975,0.9510134482013596,0.9671483105488535,0.9589650476048466,0.9591014754596158,0.9593334912363808,0.9904510096460647,0.5306676118098614,0.511890763585817,1.48372052385385,817.432,387.225,4303.4,2427.0,177854978,3bda4457c1cc03871c6496ea2af2c4e60872accf,,,,,,,,,,,,,,,,,,,,,,,,,,,,,,,,,
euvsdisinfo,qwen25-14b,zs_short,13,0.8241575801961931,0.012271828586705131,0.7990114492757371,0.8471192219486724,0.8290495491290262,0.8234585436240544,0.8256720000000001,,,,,639.567,639.567,5164.6,10701.2,0,unknown,,,,,,,,,,,,,,,,,,,,,,,,,,,,,,,,,
euvsdisinfo,qwen25-14b,zs_short,42,0.8268283435013761,0.011970508617641776,0.8032987307220147,0.850916705864364,0.8339262480661159,0.8249547822032969,0.8296939999999999,,,,,652.042,652.042,5333.0,10703.0,0,unknown,,,,,,,,,,,,,,,,,,,,,,,,,,,,,,,,,
euvsdisinfo,qwen25-14b,zs_short,71,0.8526601759803512,0.011434340608550727,0.8296995900768956,0.8757206047177141,0.8561252849373157,0.8520809396668227,0.8535560000000001,,,,,547.993,547.993,5970.7,10704.2,0,unknown,,,,,,,,,,,,,,,,,,,,,,,,,,,,,,,,,
euvsdisinfo,qwen25-7b,lora_big,13,0.956440075060639,0.004501509206352198,0.9474999711247998,0.9649994539912639,0.9573614796041003,0.9576888806202969,0.956461,,,,,4057.004,2028.502,5772.1,14068.7,80740352,unknown,,,,,,,,,,,,,,,,,,,,,,,,,,,,,,,,,
euvsdisinfo,qwen25-7b,lora_big,42,0.95070535817723,0.004952704261993372,0.941076931428541,0.9603207824056256,0.950390444131103,0.9528181266588166,0.9508260000000001,,,,,4046.159,2023.079,5629.8,14068.7,80740352,unknown,,,,,,,,,,,,,,,,,,,,,,,,,,,,,,,,,
euvsdisinfo,qwen25-7b,lora_big,71,0.9435564436991613,0.005156327176452257,0.9334772325828515,0.9529754448674743,0.9443204870765529,0.9444879519001453,0.943584,,,,,4756.914,2378.457,5805.3,14068.7,80740352,unknown,,,,,,,,,,,,,,,,,,,,,,,,,,,,,,,,,
euvsdisinfo,qwen25-7b,zs_short,13,0.6216136760743145,0.015268493313604374,0.5916200285248486,0.6521016520815447,0.6266366025175991,0.6250254180471709,0.6224500000000001,,,,,390.592,390.592,5736.4,5967.3,0,unknown,,,,,,,,,,,,,,,,,,,,,,,,,,,,,,,,,
euvsdisinfo,qwen25-7b,zs_short,42,0.6206122652728354,0.01528456417468133,0.5898281733011091,0.6489912247806195,0.6245594427441199,0.624399737083023,0.62086,,,,,396.942,396.942,5717.2,5968.3,0,unknown,,,,,,,,,,,,,,,,,,,,,,,,,,,,,,,,,
euvsdisinfo,qwen25-7b,zs_short,71,0.6433841229261213,0.015006076555662324,0.6132489292281385,0.6720795499245741,0.6500411856174729,0.6471823018495239,0.644654,,,,,370.9,370.9,5693.1,5968.4,0,unknown,,,,,,,,,,,,,,,,,,,,,,,,,,,,,,,,,
euvsdisinfo,rf,tfidf,113,0.9301638716483814,0.0054793531920768156,0.9198419091011454,0.9411701645062148,0.9295675787286195,0.9309027555255792,0.931176923076923,0.9799975158695972,0.513652178957933,,,16.543,7.954,1492.1,0.0,0,3bda4457c1cc03871c6496ea2af2c4e60872accf,,,,,,,,,,,,,,,,,,,,,,,,,,,,,,,,,
euvsdisinfo,rf,tfidf,13,0.9425104882154383,0.005026480158965472,0.9326245502516639,0.9521472411870779,0.9424158346376835,0.9430201279723148,0.9425694945848373,0.9883149385715869,0.47374927992007,,,18.023,8.133,1276.4,0.0,0,3bda4457c1cc03871c6496ea2af2c4e60872accf,,,,,,,,,,,,,,,,,,,,,,,,,,,,,,,,,
euvsdisinfo,rf,tfidf,42,0.9392400252681099,0.0051430377956829445,0.9284359913401412,0.9489601071549417,0.9387492617968369,0.9405726804882046,0.9394265799256506,0.9842351319585754,0.4797766208042474,,,16.837,7.824,1154.5,0.0,0,3bda4457c1cc03871c6496ea2af2c4e60872accf,,,,,,,,,,,,,,,,,,,,,,,,,,,,,,,,,
euvsdisinfo,rf,tfidf,71,0.940020991337514,0.005194815581040054,0.9301566902685414,0.9500095911138141,0.939932741391585,0.9402862087163116,0.9400816326530612,0.9877771445229077,0.47395051362811186,,,15.798,7.165,1363.1,0.0,0,3bda4457c1cc03871c6496ea2af2c4e60872accf,,,,,,,,,,,,,,,,,,,,,,,,,,,,,,,,,
euvsdisinfo,rf,tfidf,89,0.9432918654892635,0.004905473057251554,0.9332715180404609,0.9525522484863819,0.9427432657707197,0.9440739074483049,0.9436508763619138,0.9874596530693475,0.5025593580286212,,,16.307,7.725,2158.5,0.0,0,3bda4457c1cc03871c6496ea2af2c4e60872accf,,,,,,,,,,,,,,,,,,,,,,,,,,,,,,,,,
euvsdisinfo,svm,tfidf,113,0.95089786009822,0.004712743866590752,0.9416925310571607,0.9600450006154965,0.9517584509921381,0.950170470011594,0.951770673076923,0.9885396754555327,0.47870135963052063,,,15.211,7.313,1124.6,0.0,0,3bda4457c1cc03871c6496ea2af2c4e60872accf,,,,,,,,,,,,,,,,,,,,,,,,,,,,,,,,,
euvsdisinfo,svm,tfidf,13,0.9537489856860133,0.004454934225011826,0.944895603274024,0.9620607091291528,0.9536980250038425,0.9538564519302607,0.9538285198555955,0.9906564066890418,0.45370964160208366,,,15.114,6.821,1178.6,0.0,0,3bda4457c1cc03871c6496ea2af2c4e60872accf,,,,,,,,,,,,,,,,,,,,,,,,,,,,,,,,,
euvsdisinfo,svm,tfidf,42,0.9532062208741338,0.004576749167592315,0.9445847987933018,0.9626439061667317,0.9529336287650678,0.9535790995610771,0.953432156133829,0.9914468460854978,0.46042809540426405,,,14.974,6.958,1053.0,0.0,0,3bda4457c1cc03871c6496ea2af2c4e60872accf,,,,,,,,,,,,,,,,,,,,,,,,,,,,,,,,,
euvsdisinfo,svm,tfidf,71,0.9572728237918973,0.0042305431050865365,0.9491564889360385,0.9654668758057653,0.9572491318340244,0.957338336476305,0.9573319727891156,0.9929262294631156,0.4564224876822388,,,15.096,6.846,1813.9,0.0,0,3bda4457c1cc03871c6496ea2af2c4e60872accf,,,,,,,,,,,,,,,,,,,,,,,,,,,,,,,,,
euvsdisinfo,svm,tfidf,89,0.9547635539739573,0.004449301856627175,0.9462574722985789,0.963251687060397,0.954913584037403,0.9546560367635538,0.9551345333964945,0.9903840964196033,0.46710218889753785,,,15.207,7.204,1385.5,0.0,0,3bda4457c1cc03871c6496ea2af2c4e60872accf,,,,,,,,,,,,,,,,,,,,,,,,,,,,,,,,,
liar,bert_base,finetune,113,0.6259407136636702,0.012830396265522206,0.6011008307830812,0.6515675968084762,0.6576959072627833,0.616778468658023,0.7376744548286605,0.6969765350288157,0.5255563852463309,0.4654745073602298,1.4268169298202815,376.209,195.332,1574.9,2468.4,109483778,3bda4457c1cc03871c6496ea2af2c4e60872accf,,,,,,,,,,,,,,,,,,,,,,,,,,,,,,,,,
liar,bert_base,finetune,13,0.6258011819433136,0.012318996483712156,0.601798807932057,0.6507742366876078,0.6907552040168672,0.617137406532201,0.7424397715472483,0.7045840108445282,0.5265569001550351,0.45205156234375016,1.5374000326974222,375.512,194.97,1576.0,2468.4,109483778,3bda4457c1cc03871c6496ea2af2c4e60872accf,,,,,,,,,,,,,,,,,,,,,,,,,,,,,,,,,
liar,bert_base,finetune,42,0.6073161564667818,0.012562229690801457,0.5835656156073081,0.6326670634152453,0.678382078963406,0.6041974692538183,0.7232559709241952,0.7140508154475642,0.4598122144704018,0.416859640636634,1.2894367654101653,380.041,197.321,1566.0,2468.4,109483778,3bda4457c1cc03871c6496ea2af2c4e60872accf,,,,,,,,,,,,,,,,,,,,,,,,,,,,,,,,,
liar,bert_base,finetune,71,0.6182820763285306,0.012333988442872057,0.594663108927654,0.6418322614594603,0.669784903850298,0.6112668057468406,0.7291002076843199,0.7117405264015104,0.5133002744649121,0.43692634171779093,1.5748962899398447,354.861,184.248,1557.6,2432.2,109483778,3bda4457c1cc03871c6496ea2af2c4e60872accf,,,,,,,,,,,,,,,,,,,,,,,,,,,,,,,,,
liar,bert_base,finetune,89,0.6197327942036928,0.012653624041785416,0.5947258247396149,0.6445036322175669,0.6796834989044942,0.611365981873661,0.7416516095534788,0.7180229840774073,0.5380611436515041,0.46144142781353376,1.5604322698245414,384.069,199.413,1566.7,2468.4,109483778,3bda4457c1cc03871c6496ea2af2c4e60872accf,,,,,,,,,,,,,,,,,,,,,,,,,,,,,,,,,
liar,distilbert,finetune,113,0.6265763214910324,0.012381139858540498,0.6033079576987029,0.6515645727249177,0.640739579654085,0.6200056048814188,0.7235539979231568,0.6840430978121403,0.5126498170382694,0.4492856459281829,1.4627698357998942,190.959,99.148,1498.8,1413.6,66955010,3bda4457c1cc03871c6496ea2af2c4e60872accf,,,,,,,,,,,,,,,,,,,,,,,,,,,,,,,,,
liar,distilbert,finetune,13,0.631738883293668,0.011548836810682207,0.6107382628692828,0.6536236974770364,0.6692513594864254,0.622774630114719,0.7327596053997923,0.7148756297895622,0.5072431168320705,0.444613967338095,1.467536052476934,201.305,104.52,825.6,1413.6,66955010,3bda4457c1cc03871c6496ea2af2c4e60872accf,,,,,,,,,,,,,,,,,,,,,,,,,,,,,,,,,
liar,distilbert,finetune,42,0.6091541059806059,0.012535962979160648,0.5853872092471313,0.6348902503597307,0.667279420687603,0.6050725544524859,0.7188608515057112,0.7178371204664843,0.49999766546927266,0.4234185213658319,1.584656332771815,190.218,98.763,1500.1,1413.6,66955010,3bda4457c1cc03871c6496ea2af2c4e60872accf,,,,,,,,,,,,,,,,,,,,,,,,,,,,,,,,,
liar,distilbert,finetune,71,0.6085744621168514,0.012827596494928952,0.5834057159756245,0.6339890493654307,0.6741699161931236,0.6035491152136941,0.7300986500519211,0.710776473246709,0.46278765197429395,0.43381548559638594,1.1964002230370552,177.59,92.207,1492.6,1331.2,66955010,3bda4457c1cc03871c6496ea2af2c4e60872accf,,,,,,,,,,,,,,,,,,,,,,,,,,,,,,,,,
liar,distilbert,finetune,89,0.6262778212421872,0.01217299608153172,0.6035696822959771,0.648686118787383,0.672186182292158,0.6170918049550664,0.7386318795430945,0.7111934586945385,0.5318038104293502,0.45672774363530233,1.5370594843434164,190.68,99.003,1499.2,1413.6,66955010,3bda4457c1cc03871c6496ea2af2c4e60872accf,,,,,,,,,,,,,,,,,,,,,,,,,,,,,,,,,
liar,llama31-8b,lora_basic,13,0.6319022365391473,0.011915529731378055,0.608903792311558,0.6545880013992692,0.647348449798586,0.625364143424309,0.716614745586708,,,,,644.381,334.57,5094.5,0.0,0,3bda4457c1cc03871c6496ea2af2c4e60872accf,,,,,,,,,,,,,,,,,,,,,,,,,,,,,,,,,
liar,llama31-8b,lora_big,13,0.6534720684314361,0.011310420280951243,0.6315409845512093,0.6760128219810678,0.653020153608313,0.6801828623485064,0.6821246105919003,,,,,3639.281,1889.554,4962.2,10040.9,83886080,unknown,,,,,,,,,,,,,,,,,,,,,,,,,,,,,,,,,
liar,llama31-8b,lora_big,42,0.6563689352534621,0.012090890013662401,0.6318904480800782,0.6795824018214277,0.6558559568006997,0.6571931095401263,0.7046209761163031,,,,,1361.206,706.753,5422.4,0.0,0,3bda4457c1cc03871c6496ea2af2c4e60872accf,,,,,,,,,,,,,,,,,,,,,,,,,,,,,,,,,
liar,llama31-8b,lora_big,71,0.44883650517915874,0.011057207726148993,0.42685889436370905,0.47103045767240936,0.6141663488285912,0.5884511147929017,0.4538722741433022,,,,,1348.528,700.17,5404.7,0.0,0,3bda4457c1cc03871c6496ea2af2c4e60872accf,,,,,,,,,,,,,,,,,,,,,,,,,,,,,,,,,
liar,llama31-8b,lora_natural_distribution,13,0.5532517674932579,0.01267138976727511,0.528339229703192,0.5791893794204622,0.7879239309567042,0.571293772616377,0.744030114226376,,,,,1389.458,721.421,5417.4,0.0,0,3bda4457c1cc03871c6496ea2af2c4e60872accf,,,,,,,,,,,,,,,,,,,,,,,,,,,,,,,,,
liar,llama31-8b,lora_natural_distribution,42,0.5398092420867515,0.012964329772121044,0.5145828717223697,0.5656878039874182,0.7288498678083197,0.5639135799765603,0.7200976116303218,,,,,1358.341,705.265,5318.7,0.0,0,3bda4457c1cc03871c6496ea2af2c4e60872accf,,,,,,,,,,,,,,,,,,,,,,,,,,,,,,,,,
liar,llama31-8b,lora_natural_distribution,71,0.4994792425435767,0.011409732579449843,0.47706454161195616,0.5216339505318022,0.7043074057130436,0.5389429269555401,0.7181033229491173,,,,,1347.852,699.819,5420.9,0.0,0,3bda4457c1cc03871c6496ea2af2c4e60872accf,,,,,,,,,,,,,,,,,,,,,,,,,,,,,,,,,
liar,llama31-8b,zs_short,13,0.5256416031310689,0.014203176286088097,0.49767364209915377,0.552667988080331,0.5934957164960476,0.6038422891626095,0.527879968823071,,,,,475.228,370.403,5062.7,0.0,0,3bda4457c1cc03871c6496ea2af2c4e60872accf,,,,,,,,,,,,,,,,,,,,,,,,,,,,,,,,,
liar,llama31-8b,zs_short,42,0.5293669668889277,0.014096602755813365,0.5029706624856858,0.5560594185489143,0.586189666827092,0.5938947392360028,0.5312681215900233,,,,,474.836,370.098,5061.0,0.0,0,3bda4457c1cc03871c6496ea2af2c4e60872accf,,,,,,,,,,,,,,,,,,,,,,,,,,,,,,,,,
liar,llama31-8b,zs_short,71,0.530597530628067,0.014342123304208138,0.502279434211683,0.558594597557078,0.5869637948109457,0.5980840798830045,0.534049883086516,,,,,475.596,370.69,5070.6,0.0,0,3bda4457c1cc03871c6496ea2af2c4e60872accf,,,,,,,,,,,,,,,,,,,,,,,,,,,,,,,,,
liar,lr,tfidf,113,0.6199083626718511,0.011438053911867842,0.5979900581043773,0.6424571045450453,0.6162181294489651,0.629908311198777,0.6783956386292834,0.6959552822919853,0.3622347955337918,,,0.229,0.119,434.9,0.0,0,3bda4457c1cc03871c6496ea2af2c4e60872accf,,,,,,,,,,,,,,,,,,,,,,,,,,,,,,,,,
liar,lr,tfidf,13,0.6281710512333191,0.011358550806697561,0.6067672837249792,0.6516353937342549,0.6270060791629719,0.6298444759176189,0.6888239875389408,0.6934245074424107,0.348885756706671,,,0.227,0.118,437.4,0.0,0,3bda4457c1cc03871c6496ea2af2c4e60872accf,,,,,,,,,,,,,,,,,,,,,,,,,,,,,,,,,
liar,lr,tfidf,42,0.6312863590136665,0.011902258216316028,0.6088410993469436,0.6543777307977459,0.6298974396466386,0.6333596087972072,0.680107476635514,0.6945748390531429,0.3281466438992746,,,0.214,0.111,434.5,0.0,0,3bda4457c1cc03871c6496ea2af2c4e60872accf,,,,,,,,,,,,,,,,,,,,,,,,,,,,,,,,,
liar,lr,tfidf,71,0.6362416254490163,0.01163648558818183,0.6141747200878686,0.6589005276004852,0.6354385461774771,0.6374242535670162,0.6936801661474559,0.6953987063014022,0.3447786422363072,,,0.223,0.116,438.1,0.0,0,3bda4457c1cc03871c6496ea2af2c4e60872accf,,,,,,,,,,,,,,,,,,,,,,,,,,,,,,,,,
liar,lr,tfidf,89,0.6416862297133453,0.011492377708626081,0.6199076224840867,0.6647351082875655,0.6396136912430609,0.6446020869208866,0.7023790238836969,0.7041507383307513,0.35298219703573896,,,0.226,0.117,434.0,0.0,0,3bda4457c1cc03871c6496ea2af2c4e60872accf,,,,,,,,,,,,,,,,,,,,,,,,,,,,,,,,,
liar,mbert-base,transfer_pl_claims,13,0.27781562639531987,0.020378332490900073,0.23732402451410084,0.3187233922114349,0.6018191994180146,0.5611992952901506,0.28325221238938053,0.8098620773957873,0.23858832275346578,0.30018981298566566,19.999993741542504,341.721,756.021,745.9,2412.4,177854978,3bda4457c1cc03871c6496ea2af2c4e60872accf,,,,,,,,,,,,,,,,,,,,,,,,,,,,,,,,,
liar,mbert-base,transfer_pl_claims,42,0.29946778048625466,0.020900289711255637,0.25773377772922235,0.34138450519868613,0.6112843517721296,0.5667973155402649,0.30578097345132743,0.8552590749462402,0.29341906075885066,0.2858718296157975,19.9999935790912,313.331,693.209,890.2,2412.4,177854978,3bda4457c1cc03871c6496ea2af2c4e60872accf,,,,,,,,,,,,,,,,,,,,,,,,,,,,,,,,,
liar,mbert-base,transfer_pl_claims,71,0.5135530181261059,0.02380627968924344,0.4693334490603742,0.5589625461673671,0.6549771384368062,0.6841657532330184,0.5163982300884955,0.8544075889701832,0.3125855681049613,0.27643060685932047,4.608868857431665,309.105,683.861,795.5,2404.6,177854978,3bda4457c1cc03871c6496ea2af2c4e60872accf,,,,,,,,,,,,,,,,,,,,,,,,,,,,,,,,,
liar,qwen25-14b,lora_basic,13,0.4158269885557797,0.003982061021686653,0.40823831993988896,0.42382614188279194,0.5046385193500447,0.5001415539234295,0.7069735202492211,,,,,1168.997,606.956,2090.1,0.0,0,3bda4457c1cc03871c6496ea2af2c4e60872accf,,,,,,,,,,,,,,,,,,,,,,,,,,,,,,,,,
liar,qwen25-14b,zs_short,13,0.28713532895207655,0.011181763460795847,0.2659445143369347,0.3092161255401104,0.5749681281775854,0.5175903920737677,0.32904053000779426,,,,,878.827,684.978,1549.6,0.0,0,3bda4457c1cc03871c6496ea2af2c4e60872accf,,,,,,,,,,,,,,,,,,,,,,,,,,,,,,,,,
liar,qwen25-14b,zs_short,42,0.2944826960246415,0.010689645891058377,0.2733222122734245,0.31600931865050397,0.5844052081442854,0.5177251308144931,0.3434536243180047,,,,,879.491,685.496,4102.7,0.0,0,3bda4457c1cc03871c6496ea2af2c4e60872accf,,,,,,,,,,,,,,,,,,,,,,,,,,,,,,,,,
liar,qwen25-14b,zs_short,71,0.29707041670211276,0.011317927636484383,0.27519176489214575,0.3194587784140023,0.6235472951238146,0.5275203524862245,0.3407599376461418,,,,,878.182,684.475,3708.0,0.0,0,3bda4457c1cc03871c6496ea2af2c4e60872accf,,,,,,,,,,,,,,,,,,,,,,,,,,,,,,,,,
liar,qwen25-7b,lora_basic,13,0.28102217197701745,0.0087628114871851,0.2642898100242556,0.2985709990089361,0.5851909421003629,0.5174611205048718,0.325367601246106,,,,,644.139,334.444,4720.9,0.0,0,3bda4457c1cc03871c6496ea2af2c4e60872accf,,,,,,,,,,,,,,,,,,,,,,,,,,,,,,,,,
liar,qwen25-7b,lora_big,13,0.6501261268223525,0.011162854340157253,0.6274601709848072,0.6711592499041396,0.6535650442691296,0.6833432820091708,0.67416251298027,,,,,2924.442,1518.402,4937.6,10090.2,80740352,unknown,,,,,,,,,,,,,,,,,,,,,,,,,,,,,,,,,
liar,qwen25-7b,lora_big,42,0.6435783055877657,0.011461772517245797,0.6206944363347818,0.6658662579873034,0.6410543571121198,0.6575197195906044,0.6745488058151609,,,,,1329.091,690.078,5035.2,0.0,0,3bda4457c1cc03871c6496ea2af2c4e60872accf,,,,,,,,,,,,,,,,,,,,,,,,,,,,,,,,,
liar,qwen25-7b,lora_big,71,0.6361424977949112,0.01106912219743766,0.6150532792224601,0.6577932622782154,0.6336048206175215,0.6518040326384406,0.6721292834890966,,,,,1335.964,693.647,5033.4,0.0,0,3bda4457c1cc03871c6496ea2af2c4e60872accf,,,,,,,,,,,,,,,,,,,,,,,,,,,,,,,,,
liar,qwen25-7b,lora_natural_distribution,13,0.5322128384063585,0.012439212852692597,0.5079982922640814,0.5566687375477192,0.7184673454332623,0.5561966101543804,0.7306074766355141,,,,,1340.358,695.928,5028.5,0.0,0,3bda4457c1cc03871c6496ea2af2c4e60872accf,,,,,,,,,,,,,,,,,,,,,,,,,,,,,,,,,
liar,qwen25-7b,lora_natural_distribution,42,0.5224777211212063,0.012148349578889661,0.49786234556266173,0.5473682938746208,0.7375985968476853,0.5546927393703739,0.7167082035306334,,,,,1340.06,695.774,5021.2,0.0,0,3bda4457c1cc03871c6496ea2af2c4e60872accf,,,,,,,,,,,,,,,,,,,,,,,,,,,,,,,,,
liar,qwen25-7b,lora_natural_distribution,71,0.5546380696883124,0.01274624612848532,0.5305572474579849,0.5802131001332127,0.6679415072874912,0.5665432693986644,0.7211256490134995,,,,,1340.713,696.112,4998.7,0.0,0,3bda4457c1cc03871c6496ea2af2c4e60872accf,,,,,,,,,,,,,,,,,,,,,,,,,,,,,,,,,
liar,qwen25-7b,zs_short,13,0.31360874517236537,0.012032204091183557,0.28867807161658354,0.3366850278643916,0.5429074814148673,0.5164619573841561,0.3429392049883087,,,,,473.458,369.024,4741.0,0.0,0,3bda4457c1cc03871c6496ea2af2c4e60872accf,,,,,,,,,,,,,,,,,,,,,,,,,,,,,,,,,
liar,qwen25-7b,zs_short,42,0.3389828692622343,0.012892931226476096,0.31375975147136353,0.3642429665752983,0.5797538321347775,0.5307179250591616,0.37104053000779424,,,,,469.644,366.052,4740.3,0.0,0,3bda4457c1cc03871c6496ea2af2c4e60872accf,,,,,,,,,,,,,,,,,,,,,,,,,,,,,,,,,
liar,qwen25-7b,zs_short,71,0.31841780677450743,0.012155313771391969,0.29325958160598153,0.34258050120639594,0.5673716971364359,0.5239468480961289,0.3506617303195635,,,,,473.171,368.8,4740.6,0.0,0,3bda4457c1cc03871c6496ea2af2c4e60872accf,,,,,,,,,,,,,,,,,,,,,,,,,,,,,,,,,
liar,rf,tfidf,113,0.5782120539241322,0.013121121979439453,0.5536975745041888,0.6032942099218432,0.701421535920593,0.5803051154127676,0.7505321910695744,0.6807116790725627,0.47689721331809576,,,1.112,0.577,569.8,0.0,0,3bda4457c1cc03871c6496ea2af2c4e60872accf,,,,,,,,,,,,,,,,,,,,,,,,,,,,,,,,,
liar,rf,tfidf,13,0.5729262559844507,0.012490366447101442,0.5489293569224267,0.5977205343355124,0.7510364216885916,0.581876782090442,0.7450524402907581,0.6874433420144335,0.47572384570892107,,,1.088,0.565,563.9,0.0,0,3bda4457c1cc03871c6496ea2af2c4e60872accf,,,,,,,,,,,,,,,,,,,,,,,,,,,,,,,,,
liar,rf,tfidf,42,0.5480788199515902,0.01269423311413019,0.5226356998438882,0.5740357533410682,0.6871424141073033,0.5659706825427665,0.7148946002076842,0.6896732999749808,0.44302186449198694,,,1.094,0.568,559.2,0.0,0,3bda4457c1cc03871c6496ea2af2c4e60872accf,,,,,,,,,,,,,,,,,,,,,,,,,,,,,,,,,
liar,rf,tfidf,71,0.5675408966770369,0.01250806532530195,0.5432200433200114,0.593085509981997,0.7180775326640713,0.5777409636115182,0.7345358255451714,0.6785252663202707,0.46869661767914506,,,1.051,0.545,566.5,0.0,0,3bda4457c1cc03871c6496ea2af2c4e60872accf,,,,,,,,,,,,,,,,,,,,,,,,,,,,,,,,,
liar,rf,tfidf,89,0.5749452947596481,0.013188654408280013,0.5489541327386696,0.6015690982216872,0.7336030770275754,0.58130495697719,0.7478359293873312,0.7024319379600061,0.4746015067648635,,,1.08,0.561,564.9,0.0,0,3bda4457c1cc03871c6496ea2af2c4e60872accf,,,,,,,,,,,,,,,,,,,,,,,,,,,,,,,,,
liar,svm,tfidf,113,0.5993891581147507,0.011713760455490437,0.5771055614384131,0.6217067540649531,0.5979030127370865,0.6016876052697815,0.6749688473520249,0.6618815759305033,0.3450590749510932,,,0.248,0.129,438.0,0.0,0,3bda4457c1cc03871c6496ea2af2c4e60872accf,,,,,,,,,,,,,,,,,,,,,,,,,,,,,,,,,
liar,svm,tfidf,13,0.6092194599358973,0.011819320743717752,0.5868551165927167,0.632519705322091,0.6126996012869588,0.6070298467092654,0.6845358255451715,0.6684486225811798,0.3313600774228958,,,0.239,0.124,440.6,0.0,0,3bda4457c1cc03871c6496ea2af2c4e60872accf,,,,,,,,,,,,,,,,,,,,,,,,,,,,,,,,,
liar,svm,tfidf,42,0.6126826525480058,0.011681779823678667,0.5896567660714638,0.6345243314938191,0.6137187187061022,0.6120270026264898,0.6709065420560747,0.6621773285790491,0.3122263762300647,,,0.243,0.126,434.5,0.0,0,3bda4457c1cc03871c6496ea2af2c4e60872accf,,,,,,,,,,,,,,,,,,,,,,,,,,,,,,,,,
liar,svm,tfidf,71,0.623879635812778,0.012166971809740853,0.599249642364569,0.6475890789994495,0.627803909574478,0.6213379196944069,0.6933146417445484,0.6717916218701548,0.32719567360893775,,,0.247,0.128,435.8,0.0,0,3bda4457c1cc03871c6496ea2af2c4e60872accf,,,,,,,,,,,,,,,,,,,,,,,,,,,,,,,,,
liar,svm,tfidf,89,0.6106721242550709,0.011827935948639593,0.5879454172559317,0.6337668050270175,0.6148296235701107,0.6080747187561385,0.6914963655244029,0.6743203135144062,0.34014481614291536,,,0.255,0.132,434.8,0.0,0,3bda4457c1cc03871c6496ea2af2c4e60872accf,,,,,,,,,,,,,,,,,,,,,,,,,,,,,,,,,
pl_claims,herbert,finetune,113,0.7986469792385097,0.022599972232028167,0.751921838930498,0.8417721307978909,0.8002520057285336,0.7981731034508741,0.8600796460176992,0.9236884257086009,0.15681541528124204,0.09731176304236303,1.7981157474978449,179.343,396.776,1393.3,2767.6,124444418,3bda4457c1cc03871c6496ea2af2c4e60872accf,,,,,,,,,,,,,,,,,,,,,,,,,,,,,,,,,
pl_claims,herbert,finetune,13,0.7514402629600149,0.024125485353151874,0.704653535774044,0.7953177163938578,0.731231604255903,0.7894102290750403,0.8317920353982301,0.8917883123531969,0.07920733740371942,0.06386547260893367,1.2853517817419429,182.343,403.414,1408.9,2767.6,124444418,3bda4457c1cc03871c6496ea2af2c4e60872accf,,,,,,,,,,,,,,,,,,,,,,,,,,,,,,,,,
pl_claims,herbert,finetune,42,0.8083703891547093,0.02208616074930437,0.7619232360340911,0.8507357962953738,0.7867821622162221,0.8442401270817939,0.865349557522124,0.9457465071621435,0.10820857986016615,0.10560636436487333,0.8498502653341695,178.933,395.87,1393.0,2767.6,124444418,3bda4457c1cc03871c6496ea2af2c4e60872accf,,,,,,,,,,,,,,,,,,,,,,,,,,,,,,,,,
pl_claims,herbert,finetune,71,0.7982549306374204,0.023755293836442284,0.7519043722113786,0.8438987147718036,0.7967663990483622,0.8009319351873828,0.8582522123893804,0.9309747014832662,0.13200341943091,0.10197968581116883,1.448093360672957,179.378,396.855,1394.5,2767.6,124444418,3bda4457c1cc03871c6496ea2af2c4e60872accf,,,,,,,,,,,,,,,,,,,,,,,,,,,,,,,,,
pl_claims,herbert,finetune,89,0.7765058366140504,0.024255381664959216,0.72927610065058,0.8258023469668337,0.7665819108096107,0.7903355400879015,0.8452831858407079,0.9094788437782951,0.14925817731537122,0.10249801862505427,1.897225012815316,178.323,394.52,1392.6,2767.6,124444418,3bda4457c1cc03871c6496ea2af2c4e60872accf,,,,,,,,,,,,,,,,,,,,,,,,,,,,,,,,,
pl_claims,llama31-8b,zs_short,13,0.4529488521960733,0.01178143794264091,0.4328732747804266,0.47965303062754333,0.4482328380766972,0.4910662205076489,0.7944889380530974,,,,,261.491,578.521,5064.2,0.0,0,3bda4457c1cc03871c6496ea2af2c4e60872accf,,,,,,,,,,,,,,,,,,,,,,,,,,,,,,,,,
pl_claims,llama31-8b,zs_short,42,0.43932860764414783,0.0057535019939102755,0.4278481012658228,0.44945188794153473,0.3988621614871509,0.4890808349038333,0.7837632743362831,,,,,256.894,568.349,5086.5,0.0,0,3bda4457c1cc03871c6496ea2af2c4e60872accf,,,,,,,,,,,,,,,,,,,,,,,,,,,,,,,,,
pl_claims,llama31-8b,zs_short,71,0.4312419821344008,0.006538793324877588,0.41827541827541825,0.4433668708608268,0.3852096359184726,0.489956813014151,0.7584491150442477,,,,,259.471,574.051,5065.7,0.0,0,3bda4457c1cc03871c6496ea2af2c4e60872accf,,,,,,,,,,,,,,,,,,,,,,,,,,,,,,,,,
pl_claims,lr,tfidf,113,0.764110938153201,0.021985559477948977,0.7197824535360501,0.8045515290400503,0.7469678229458322,0.8006968544877124,0.8158982300884956,0.8888265107015456,0.19613092328013118,,,0.067,0.148,394.2,0.0,0,3bda4457c1cc03871c6496ea2af2c4e60872accf,,,,,,,,,,,,,,,,,,,,,,,,,,,,,,,,,
pl_claims,lr,tfidf,13,0.7572730461353532,0.023087229374907745,0.7090304148132074,0.8017559346864415,0.7331906915363952,0.818750985508195,0.8258694690265486,0.8864468966533305,0.2134257460589051,,,0.067,0.149,397.1,0.0,0,3bda4457c1cc03871c6496ea2af2c4e60872accf,,,,,,,,,,,,,,,,,,,,,,,,,,,,,,,,,
pl_claims,lr,tfidf,42,0.788882772387147,0.021480549903846145,0.7440984262907003,0.8320156054313358,0.7644457356425055,0.8439279706310859,0.8437477876106195,0.9126958931976696,0.21589253205969128,,,0.066,0.145,395.7,0.0,0,3bda4457c1cc03871c6496ea2af2c4e60872accf,,,,,,,,,,,,,,,,,,,,,,,,,,,,,,,,,
pl_claims,lr,tfidf,71,0.7829424545510394,0.021939066846477156,0.7388648458006334,0.8234778881158005,0.7646684289454438,0.8190675496186046,0.8316946902654867,0.8879878787295574,0.21386998045090508,,,0.067,0.148,394.4,0.0,0,3bda4457c1cc03871c6496ea2af2c4e60872accf,,,,,,,,,,,,,,,,,,,,,,,,,,,,,,,,,
pl_claims,lr,tfidf,89,0.7369178392508697,0.022919816003784937,0.693610287787046,0.7809835185467688,0.7194952811343888,0.7861578960417382,0.796245575221239,0.870926408746408,0.18636054381450876,,,0.067,0.148,394.9,0.0,0,3bda4457c1cc03871c6496ea2af2c4e60872accf,,,,,,,,,,,,,,,,,,,,,,,,,,,,,,,,,
pl_claims,mbert-base,transfer_liar,13,0.2804495491011965,0.008712192994793642,0.26412256939398443,0.2986599779693561,0.5710108105527525,0.5151171946112331,0.3241848390446521,0.6176742800714499,0.647932098220999,0.2587284448438647,19.9999927473316,185.447,96.286,718.6,2427.0,177854978,3bda4457c1cc03871c6496ea2af2c4e60872accf,,,,,,,,,,,,,,,,,,,,,,,,,,,,,,,,,
pl_claims,mbert-base,transfer_liar,42,0.30991869290681023,0.009365362039581845,0.29120821934802554,0.32869653754905237,0.5738871021401305,0.5205242287721791,0.3520732087227414,0.620009193753709,0.6360123653587647,0.2426931039714552,19.999996268450023,180.55,93.743,769.9,2427.0,177854978,3bda4457c1cc03871c6496ea2af2c4e60872accf,,,,,,,,,,,,,,,,,,,,,,,,,,,,,,,,,
pl_claims,mbert-base,transfer_liar,71,0.35043476528262957,0.010218105833931337,0.33174245905021443,0.3700750892080093,0.589178253881202,0.5404318541081581,0.37438369678089306,0.6191702561979096,0.5935255337974612,0.2396352818774536,19.999992839028845,179.896,93.404,1224.0,2427.0,177854978,3bda4457c1cc03871c6496ea2af2c4e60872accf,,,,,,,,,,,,,,,,,,,,,,,,,,,,,,,,,
pl_claims,mbert,finetune,113,0.7807623986355656,0.021876058874112612,0.7363844463829924,0.8240449602051931,0.7678012842027824,0.8003037134322264,0.8373495575221239,0.9112618148785393,0.09764653351982087,0.07184640695183847,1.5350325248498942,171.865,380.232,1857.6,2427.0,177854978,3bda4457c1cc03871c6496ea2af2c4e60872accf,,,,,,,,,,,,,,,,,,,,,,,,,,,,,,,,,
pl_claims,mbert,finetune,13,0.7360288354073766,0.026067907455735694,0.6836364171521522,0.7873809210746009,0.741676398003932,0.732500782751514,0.8453672566371683,0.877986869784065,0.11860562171951866,0.06455321926501059,1.9981559998916993,173.401,383.63,1867.8,2427.0,177854978,3bda4457c1cc03871c6496ea2af2c4e60872accf,,,,,,,,,,,,,,,,,,,,,,,,,,,,,,,,,
pl_claims,mbert,finetune,42,0.8043082105305075,0.02369712754441068,0.7567695056978011,0.8496771950742852,0.7960763622165818,0.8151023006519527,0.8715907079646017,0.9277426540679478,0.12384423079480114,0.08312139162128006,1.5620264201755298,171.261,378.896,1850.5,2427.0,177854978,3bda4457c1cc03871c6496ea2af2c4e60872accf,,,,,,,,,,,,,,,,,,,,,,,,,,,,,,,,,
pl_claims,mbert,finetune,71,0.7870445527227892,0.02329581609774107,0.7416672246360166,0.832188695142124,0.7886799858164512,0.7866251755106444,0.8519225663716813,0.9114199326883459,0.0861552150639813,0.08382538285266194,1.1735647196985959,172.174,380.915,1862.4,2427.0,177854978,3bda4457c1cc03871c6496ea2af2c4e60872accf,,,,,,,,,,,,,,,,,,,,,,,,,,,,,,,,,
pl_claims,mbert,finetune,89,0.7249875641998975,0.024819686412206797,0.6763144543787463,0.7727300674947699,0.71537322969276,0.7396601837580039,0.8072323008849558,0.8971494070220571,0.13412591993017536,0.12117211726598175,1.7249575546504545,171.317,379.02,1861.5,2427.0,177854978,3bda4457c1cc03871c6496ea2af2c4e60872accf,,,,,,,,,,,,,,,,,,,,,,,,,,,,,,,,,
pl_claims,qwen25-7b,zs_short,13,0.5638420006820664,0.024572002429862284,0.5156598552360758,0.6119254378649255,0.5642260560535431,0.5897943248831234,0.6813761061946902,,,,,247.586,547.757,4729.7,0.0,0,3bda4457c1cc03871c6496ea2af2c4e60872accf,,,,,,,,,,,,,,,,,,,,,,,,,,,,,,,,,
pl_claims,qwen25-7b,zs_short,42,0.5437005667421027,0.023898787840353777,0.49705509470763326,0.5924310938845823,0.5434356027566329,0.5533665456329743,0.6743274336283186,,,,,242.547,536.608,4727.5,0.0,0,3bda4457c1cc03871c6496ea2af2c4e60872accf,,,,,,,,,,,,,,,,,,,,,,,,,,,,,,,,,
pl_claims,qwen25-7b,zs_short,71,0.5688677090666264,0.024249254519682562,0.522461874265084,0.6131175657491076,0.567977299369805,0.5835202420810968,0.661179203539823,,,,,245.114,542.287,4731.4,0.0,0,3bda4457c1cc03871c6496ea2af2c4e60872accf,,,,,,,,,,,,,,,,,,,,,,,,,,,,,,,,,
pl_claims,rf,tfidf,113,0.6596020927911788,0.027964074804073213,0.6032480181924262,0.7134496942744611,0.7152837187456637,0.6411209143933244,0.8003230088495574,0.850182079663034,0.05352549728191127,,,0.264,0.584,421.1,0.0,0,3bda4457c1cc03871c6496ea2af2c4e60872accf,,,,,,,,,,,,,,,,,,,,,,,,,,,,,,,,,
pl_claims,rf,tfidf,13,0.7076267259708092,0.027055614772586993,0.6530378048721024,0.7575116182854451,0.7181975729922817,0.7003616633518532,0.8324933628318584,0.86044661586065,0.07195111807490605,,,0.252,0.557,421.5,0.0,0,3bda4457c1cc03871c6496ea2af2c4e60872accf,,,,,,,,,,,,,,,,,,,,,,,,,,,,,,,,,
pl_claims,rf,tfidf,42,0.740047626521456,0.027980940821198667,0.682362904331595,0.7915177697132918,0.7916980651471228,0.7132718390191264,0.8560796460176991,0.8993119600026239,0.0844864992790112,,,0.267,0.591,422.5,0.0,0,3bda4457c1cc03871c6496ea2af2c4e60872accf,,,,,,,,,,,,,,,,,,,,,,,,,,,,,,,,,
pl_claims,rf,tfidf,71,0.6251759812690675,0.028624089035535358,0.5696302769113198,0.6780295551521598,0.6723678541053364,0.6120440516169567,0.780712389380531,0.8475338015104555,0.07100317547874943,,,0.245,0.542,422.9,0.0,0,3bda4457c1cc03871c6496ea2af2c4e60872accf,,,,,,,,,,,,,,,,,,,,,,,,,,,,,,,,,
pl_claims,rf,tfidf,89,0.6713207875076691,0.027715127748191706,0.6165143278169818,0.7202663424443433,0.682524108503502,0.6643474798022846,0.7927721238938052,0.840490245714725,0.046858407079646086,,,0.246,0.544,421.2,0.0,0,3bda4457c1cc03871c6496ea2af2c4e60872accf,,,,,,,,,,,,,,,,,,,,,,,,,,,,,,,,,
pl_claims,svm,tfidf,113,0.7530984252097881,0.022687135874353535,0.7068045857960797,0.7957859868062107,0.7465653272087656,0.7623413177934909,0.8220265486725664,0.8805823760345518,0.2132152733933892,,,0.067,0.148,395.1,0.0,0,3bda4457c1cc03871c6496ea2af2c4e60872accf,,,,,,,,,,,,,,,,,,,,,,,,,,,,,,,,,
pl_claims,svm,tfidf,13,0.7482215143565096,0.02512178717693975,0.6950978632050573,0.7955475121216927,0.7310470674135322,0.7767200653323112,0.8341061946902655,0.8671737108610961,0.2200813650234647,,,0.068,0.15,394.0,0.0,0,3bda4457c1cc03871c6496ea2af2c4e60872accf,,,,,,,,,,,,,,,,,,,,,,,,,,,,,,,,,
pl_claims,svm,tfidf,42,0.7689871255756693,0.02364520011008977,0.7211714464436901,0.8144193327198254,0.7555428728015385,0.7887193167213945,0.8433119469026549,0.902684427171648,0.22381402584260185,,,0.068,0.149,395.5,0.0,0,3bda4457c1cc03871c6496ea2af2c4e60872accf,,,,,,,,,,,,,,,,,,,,,,,,,,,,,,,,,
pl_claims,svm,tfidf,71,0.7710418404463327,0.02330554038044131,0.7241505050598463,0.8160922735028296,0.768871966177727,0.7745629996522353,0.8384845132743363,0.8702379864926055,0.23185441948787938,,,0.069,0.152,399.8,0.0,0,3bda4457c1cc03871c6496ea2af2c4e60872accf,,,,,,,,,,,,,,,,,,,,,,,,,,,,,,,,,
pl_claims,svm,tfidf,89,0.7436878972768782,0.024299983429051358,0.6961100021125705,0.7901025415763921,0.7333527968358958,0.7590698185979208,0.8206482300884955,0.8683173916363807,0.21441069446239558,,,0.067,0.149,394.5,0.0,0,3bda4457c1cc03871c6496ea2af2c4e60872accf,,,,,,,,,,,,,,,,,,,,,,,,,,,,,,,,,
truthseeker,bert_base,finetune,113,0.7764303446212483,0.0030749854292172517,0.7703299151145054,0.7822414928248373,0.7739296024592364,0.7830943624952071,0.7821587969456132,0.8465478681993522,0.3411175434252041,0.25063322622272544,2.283630292197123,1403.549,72.908,2752.9,2355.9,109483778,3bda4457c1cc03871c6496ea2af2c4e60872accf,,,,,,,,,,,,,,,,,,,,,,,,,,,,,,,,,
truthseeker,bert_base,finetune,13,0.734250790514916,0.0028785204333372353,0.7287258158388856,0.7397128930436357,0.7343211539115163,0.7342729762101023,0.7342730250055322,0.7927491357877795,0.43655479239160977,0.24293684905376667,2.9381421499392366,1421.057,62.893,2845.3,2355.9,109483778,3bda4457c1cc03871c6496ea2af2c4e60872accf,,,,,,,,,,,,,,,,,,,,,,,,,,,,,,,,,
truthseeker,bert_base,finetune,42,0.7830818616131425,0.003075887466209197,0.7770632757381809,0.7889793399962725,0.7837565399694999,0.7829276433642677,0.7834532984233593,0.8387585529154671,0.42599898853758406,0.28619327033388814,2.2088244508846095,1398.074,79.576,2734.0,2355.9,109483778,3bda4457c1cc03871c6496ea2af2c4e60872accf,,,,,,,,,,,,,,,,,,,,,,,,,,,,,,,,,
truthseeker,bert_base,finetune,71,0.7888768481699672,0.0027495879283691567,0.783550413158596,0.794004123585913,0.7889092958160923,0.7888598577389009,0.7896752529471828,0.859238903477934,0.38642495014911116,0.29358983457240806,1.9145504117893763,1414.136,65.633,2832.4,2355.9,109483778,3bda4457c1cc03871c6496ea2af2c4e60872accf,,,,,,,,,,,,,,,,,,,,,,,,,,,,,,,,,
truthseeker,bert_base,finetune,89,0.7412980126410211,0.0030626119774349856,0.7352781821020136,0.7471832150209943,0.7549211627342035,0.7394972311642701,0.749237235305759,0.8329533177189581,0.4835469645243259,0.32850345714890844,2.5757503783625477,1407.858,69.655,2749.5,2355.9,109483778,3bda4457c1cc03871c6496ea2af2c4e60872accf,,,,,,,,,,,,,,,,,,,,,,,,,,,,,,,,,
truthseeker,distilbert,finetune,113,0.7785082408887465,0.002949046555429487,0.7730115229213186,0.7844732103088569,0.7768480463708076,0.7881742491653946,0.7828713313594099,0.8511900492891712,0.3364441148153221,0.26835485193209674,2.198194676681203,706.811,36.716,2618.8,1293.2,66955010,3bda4457c1cc03871c6496ea2af2c4e60872accf,,,,,,,,,,,,,,,,,,,,,,,,,,,,,,,,,
truthseeker,distilbert,finetune,13,0.7129103685919332,0.0028766213264667146,0.7071719880377639,0.7184064172989617,0.7133086357755469,0.7130177347327532,0.7130170834255366,0.7781570885975668,0.4266385492473646,0.22575589195917636,2.998682038116115,713.933,31.597,2710.9,1293.2,66955010,3bda4457c1cc03871c6496ea2af2c4e60872accf,,,,,,,,,,,,,,,,,,,,,,,,,,,,,,,,,
truthseeker,distilbert,finetune,42,0.7975032795053588,0.0029735426114890174,0.7915200010635697,0.8032412977621565,0.8049296155418212,0.7975088007399982,0.7991639820137744,0.8472839087304527,0.42323145622939784,0.2893514626312746,2.151763460279842,703.056,40.017,2641.7,1293.2,66955010,3bda4457c1cc03871c6496ea2af2c4e60872accf,,,,,,,,,,,,,,,,,,,,,,,,,,,,,,,,,
truthseeker,distilbert,finetune,71,0.784742605901606,0.002815675478575788,0.779173286801416,0.7901228279609258,0.7866786951166124,0.7839767550234781,0.7863937157709088,0.8539696311605862,0.39115919041974084,0.27884662433592566,2.050860653156933,712.008,33.046,2722.4,1293.2,66955010,3bda4457c1cc03871c6496ea2af2c4e60872accf,,,,,,,,,,,,,,,,,,,,,,,,,,,,,,,,,
truthseeker,distilbert,finetune,89,0.738736583505411,0.0031259843881012166,0.732453253590199,0.7445633342777549,0.7619969578333498,0.73727683140393,0.7496242331288345,0.8300348673959633,0.4727770588579596,0.3547705157842573,2.488841732346186,708.801,35.068,2646.8,1293.2,66955010,3bda4457c1cc03871c6496ea2af2c4e60872accf,,,,,,,,,,,,,,,,,,,,,,,,,,,,,,,,,
truthseeker,ensemble,text_meta,113,0.7573242090572443,0.003092513704175318,0.7512570140690691,0.7633815028468286,0.7556518255652309,0.7656978146827877,0.7624582099631187,0.837441012526686,0.2667480723127385,,,9.667,0.502,1394.6,0.0,0,3bda4457c1cc03871c6496ea2af2c4e60872accf,,,,,,,,,,,,,,,,,,,,,,,,,,,,,,,,,
truthseeker,ensemble,text_meta,13,0.7117440304600906,0.002892023488624627,0.7058561183791942,0.7173452737176391,0.7129035584583546,0.7120439992619534,0.7120440362912148,0.7788098833811118,0.32604090392015767,,,9.346,0.414,1354.5,0.0,0,3bda4457c1cc03871c6496ea2af2c4e60872accf,,,,,,,,,,,,,,,,,,,,,,,,,,,,,,,,,
truthseeker,ensemble,text_meta,42,0.7950031588236913,0.0030721501604806063,0.7889484453321903,0.8010104538583838,0.8033740042355889,0.7950958763706969,0.7968568501337584,0.8526239171888308,0.341407808747287,,,9.551,0.544,1399.4,0.0,0,3bda4457c1cc03871c6496ea2af2c4e60872accf,,,,,,,,,,,,,,,,,,,,,,,,,,,,,,,,,
truthseeker,ensemble,text_meta,71,0.7852790456287727,0.002810980992592071,0.779971839437192,0.7905388155366289,0.7851676218653005,0.7854328118881447,0.7859697391627217,0.8624279323837873,0.30066494565810625,,,9.533,0.442,1367.9,0.0,0,3bda4457c1cc03871c6496ea2af2c4e60872accf,,,,,,,,,,,,,,,,,,,,,,,,,,,,,,,,,
truthseeker,ensemble,text_meta,89,0.7493311765839601,0.00308144077620956,0.7433637495531946,0.7552623894810884,0.7607491785928143,0.7473820017274765,0.7562454977241243,0.8332931503261679,0.38728393219532636,,,9.833,0.487,1366.6,0.0,0,3bda4457c1cc03871c6496ea2af2c4e60872accf,,,,,,,,,,,,,,,,,,,,,,,,,,,,,,,,,
truthseeker,llama31-70b,lora_big,13,0.8178128492439134,0.013916173187905695,0.7904541655431389,0.8440031551940911,0.8276326376412658,0.8192819766202128,0.81914,,,,,10406.813,13008.516,6632.3,52544.2,414187520,unknown,,,,,,,,,,,,,,,,,,,,,,,,,,,,,,,,,
truthseeker,llama31-8b,lora_basic,13,0.3544105686961957,0.007076242815963843,0.3408632086182338,0.3679358103479478,0.47462088840161887,0.4974407101949838,0.5035475,,,,,838.492,419.246,5530.9,0.0,0,3bda4457c1cc03871c6496ea2af2c4e60872accf,,,,,,,,,,,,,,,,,,,,,,,,,,,,,,,,,
truthseeker,llama31-8b,lora_big,13,0.7538704166406739,0.010286436578899537,0.7352253890991197,0.7739472552657911,0.7559960081581436,0.754691227260296,0.754183,,,,,3191.694,1595.847,5299.2,11565.3,83886080,unknown,,,,,,,,,,,,,,,,,,,,,,,,,,,,,,,,,
truthseeker,llama31-8b,lora_big,42,0.736759898934594,0.00978627788192155,0.7174117190039495,0.7564847611881422,0.7416970679873871,0.7389757567331681,0.7373099999999999,,,,,1786.563,893.281,5296.3,0.0,0,3bda4457c1cc03871c6496ea2af2c4e60872accf,,,,,,,,,,,,,,,,,,,,,,,,,,,,,,,,,
truthseeker,llama31-8b,lora_big,71,0.500319044942504,0.011017113174673564,0.4777525870185807,0.5209803502509001,0.6922547561537069,0.5829416860229639,0.561387,,,,,1767.266,883.633,5391.6,0.0,0,3bda4457c1cc03871c6496ea2af2c4e60872accf,,,,,,,,,,,,,,,,,,,,,,,,,,,,,,,,,
truthseeker,llama31-8b,zs_short,13,0.36043367263631587,0.010171557383640223,0.34092953713473045,0.3801871829070639,0.36631944467361427,0.39573236226205466,0.395708,,,,,861.41,430.705,5283.2,0.0,0,3bda4457c1cc03871c6496ea2af2c4e60872accf,,,,,,,,,,,,,,,,,,,,,,,,,,,,,,,,,
truthseeker,llama31-8b,zs_short,42,0.38286665296018774,0.010008512977120331,0.3625402131755836,0.4023491428702706,0.39521741994304793,0.4260377606416072,0.4323525,,,,,866.107,433.054,5287.3,0.0,0,3bda4457c1cc03871c6496ea2af2c4e60872accf,,,,,,,,,,,,,,,,,,,,,,,,,,,,,,,,,
truthseeker,llama31-8b,zs_short,71,0.3977266681124673,0.010366251400557063,0.3774512190563739,0.4175729518081759,0.4101770169920102,0.4371453369569739,0.45391200000000004,,,,,859.934,429.967,5300.6,0.0,0,3bda4457c1cc03871c6496ea2af2c4e60872accf,,,,,,,,,,,,,,,,,,,,,,,,,,,,,,,,,
truthseeker,lr,tfidf,113,0.7594886899407125,0.003108332440213059,0.7531608881405641,0.7653604510392624,0.7582328539768444,0.7689253013299224,0.7641111111111111,0.8408362281878593,0.266692199013305,,,4.167,0.216,1242.8,0.0,0,3bda4457c1cc03871c6496ea2af2c4e60872accf,,,,,,,,,,,,,,,,,,,,,,,,,,,,,,,,,
truthseeker,lr,tfidf,13,0.7103257979749616,0.002854570597773538,0.7048224340936337,0.7155796029633118,0.7105968078817438,0.7104017983072738,0.7104019473334808,0.7759734059095477,0.2605857456677029,,,4.323,0.191,1228.0,0.0,0,3bda4457c1cc03871c6496ea2af2c4e60872accf,,,,,,,,,,,,,,,,,,,,,,,,,,,,,,,,,
truthseeker,lr,tfidf,42,0.7950338628514453,0.0030979822297450177,0.7892452468672565,0.8012591486966653,0.8016116821960282,0.7950058497176685,0.7965713472593773,0.8504482905292217,0.2800600501330632,,,4.23,0.241,1279.7,0.0,0,3bda4457c1cc03871c6496ea2af2c4e60872accf,,,,,,,,,,,,,,,,,,,,,,,,,,,,,,,,,
truthseeker,lr,tfidf,71,0.7867220084661097,0.0027976159752588423,0.7810093518398171,0.7921968066191173,0.7865109976758913,0.7872650552411531,0.7871881555741206,0.8613495416551789,0.2767779668342732,,,4.206,0.195,1259.2,0.0,0,3bda4457c1cc03871c6496ea2af2c4e60872accf,,,,,,,,,,,,,,,,,,,,,,,,,,,,,,,,,
truthseeker,lr,tfidf,89,0.7474615392676245,0.0031157561267118397,0.7415080022793078,0.7539111028597489,0.7619348419177536,0.7455185593985231,0.7553935780724322,0.8345042525067954,0.3489320428136689,,,4.185,0.207,1254.4,0.0,0,3bda4457c1cc03871c6496ea2af2c4e60872accf,,,,,,,,,,,,,,,,,,,,,,,,,,,,,,,,,
truthseeker,qwen25-14b,lora_basic,13,0.557681427664942,0.011301596740679948,0.5363870740427799,0.5813117769598821,0.5600538246085075,0.5594141865665767,0.5587230000000001,,,,,1535.476,767.738,3372.9,0.0,0,3bda4457c1cc03871c6496ea2af2c4e60872accf,,,,,,,,,,,,,,,,,,,,,,,,,,,,,,,,,
truthseeker,qwen25-14b,zs_short,13,0.32847956130953027,0.0073880364675284116,0.31374507492100345,0.3430252343766554,0.32017664654186034,0.4458874630351066,0.44586149999999997,,,,,1602.732,801.366,3405.0,0.0,0,3bda4457c1cc03871c6496ea2af2c4e60872accf,,,,,,,,,,,,,,,,,,,,,,,,,,,,,,,,,
truthseeker,qwen25-14b,zs_short,42,0.3546067565194789,0.00743514723151051,0.34045376211288464,0.3693480807376414,0.40202349145048444,0.48080438623392807,0.491175,,,,,1623.349,811.674,3876.9,0.0,0,3bda4457c1cc03871c6496ea2af2c4e60872accf,,,,,,,,,,,,,,,,,,,,,,,,,,,,,,,,,
truthseeker,qwen25-14b,zs_short,71,0.3875179411619006,0.008858287971811384,0.36975947682739213,0.4049541318324473,0.4645864340146263,0.49054323394015,0.5163475,,,,,1622.586,811.293,977.9,0.0,0,3bda4457c1cc03871c6496ea2af2c4e60872accf,,,,,,,,,,,,,,,,,,,,,,,,,,,,,,,,,
truthseeker,qwen25-7b,lora_basic,13,0.4874701854123515,0.010870425087233362,0.46613837696560184,0.5073808319664116,0.5773396679420493,0.5427794455727433,0.5470750000000001,,,,,831.44,415.72,5142.5,0.0,0,3bda4457c1cc03871c6496ea2af2c4e60872accf,,,,,,,,,,,,,,,,,,,,,,,,,,,,,,,,,
truthseeker,qwen25-7b,lora_big,13,0.7782245001547442,0.009476801830448625,0.7590631905441704,0.7969357703145918,0.7784594272860614,0.7784501327555438,0.7783100000000001,,,,,4176.98,2088.49,5302.8,11367.7,80740352,unknown,,,,,,,,,,,,,,,,,,,,,,,,,,,,,,,,,
truthseeker,qwen25-7b,lora_big,42,0.3393244777305243,0.004985271883064829,0.32953402614817295,0.34896362979986983,0.25684425,0.5,0.5136885,,,,,1734.404,867.202,4802.5,0.0,0,3bda4457c1cc03871c6496ea2af2c4e60872accf,,,,,,,,,,,,,,,,,,,,,,,,,,,,,,,,,
truthseeker,qwen25-7b,lora_big,71,0.5274449160564232,0.011773874200343223,0.502724838633723,0.5500817858208464,0.7687543214756768,0.5934114030787303,0.6159110000000001,,,,,1716.634,858.317,5456.9,0.0,0,3bda4457c1cc03871c6496ea2af2c4e60872accf,,,,,,,,,,,,,,,,,,,,,,,,,,,,,,,,,
truthseeker,qwen25-7b,zs_short,13,0.3668156763854444,0.00959037505869147,0.34908132883659143,0.38517723775051116,0.38643149075887984,0.43598982395526636,0.43597700000000006,,,,,850.675,425.338,4967.0,0.0,0,3bda4457c1cc03871c6496ea2af2c4e60872accf,,,,,,,,,,,,,,,,,,,,,,,,,,,,,,,,,
truthseeker,qwen25-7b,zs_short,42,0.40178345643272556,0.009908157475412148,0.3815696989743071,0.42036371758798174,0.44601615659917254,0.47272673121632414,0.4808724999999999,,,,,854.698,427.349,4950.9,0.0,0,3bda4457c1cc03871c6496ea2af2c4e60872accf,,,,,,,,,,,,,,,,,,,,,,,,,,,,,,,,,
truthseeker,qwen25-7b,zs_short,71,0.40522935869116805,0.009892027503512667,0.38610540694401707,0.42438708341883163,0.4429703512331629,0.4712857524161982,0.492621,,,,,845.914,422.957,4955.9,0.0,0,3bda4457c1cc03871c6496ea2af2c4e60872accf,,,,,,,,,,,,,,,,,,,,,,,,,,,,,,,,,
truthseeker,rf,tfidf,113,0.7894115011050031,0.0030608553969022918,0.7834344879527119,0.7951026043667496,0.7909270674806169,0.7881101637941766,0.7996531608747597,0.839656160272234,0.2438922261653009,,,40.143,2.085,1938.5,0.0,0,3bda4457c1cc03871c6496ea2af2c4e60872accf,,,,,,,,,,,,,,,,,,,,,,,,,,,,,,,,,
truthseeker,rf,tfidf,13,0.7308250168665936,0.0029566054967908,0.7250786828966873,0.7365285952138836,0.7420940475045388,0.7332827938722575,0.7332827616729364,0.776899308373735,0.2501693424796252,,,36.192,1.602,1903.2,0.0,0,3bda4457c1cc03871c6496ea2af2c4e60872accf,,,,,,,,,,,,,,,,,,,,,,,,,,,,,,,,,
truthseeker,rf,tfidf,42,0.7756318918380376,0.003139472831816883,0.7695004563978415,0.7819485286986168,0.8063971194887092,0.7782841202801376,0.7816276965108998,0.8591306943923426,0.25297202503272764,,,39.404,2.243,1934.0,0.0,0,3bda4457c1cc03871c6496ea2af2c4e60872accf,,,,,,,,,,,,,,,,,,,,,,,,,,,,,,,,,
truthseeker,rf,tfidf,71,0.7695721498724668,0.002979344730863185,0.763776006052337,0.7753288239142574,0.7845370370440303,0.7685253843363204,0.7749355796899656,0.8621530237300022,0.25479392016825403,,,37.782,1.754,1903.6,0.0,0,3bda4457c1cc03871c6496ea2af2c4e60872accf,,,,,,,,,,,,,,,,,,,,,,,,,,,,,,,,,
truthseeker,rf,tfidf,89,0.7674327054918529,0.0028564794678505876,0.761966205257278,0.7731876931807912,0.7680144710728114,0.7701698143952576,0.7678741836532753,0.8306596458632162,0.29565192092833814,,,37.438,1.852,1909.3,0.0,0,3bda4457c1cc03871c6496ea2af2c4e60872accf,,,,,,,,,,,,,,,,,,,,,,,,,,,,,,,,,
truthseeker,svm,tfidf,113,0.7117733844568868,0.0032954902988294914,0.7053988204362329,0.7183733531829246,0.7156686639478557,0.7255934684843731,0.7146885876058386,0.8010316873929352,0.22111292785839345,,,4.376,0.227,1233.9,0.0,0,3bda4457c1cc03871c6496ea2af2c4e60872accf,,,,,,,,,,,,,,,,,,,,,,,,,,,,,,,,,
truthseeker,svm,tfidf,13,0.6701002758991458,0.003176674954627323,0.6637724784078062,0.6765654727396027,0.6701614140596805,0.6701268707033832,0.6701266651914141,0.7361039527185039,0.17133181402277517,,,4.49,0.199,1236.6,0.0,0,3bda4457c1cc03871c6496ea2af2c4e60872accf,,,,,,,,,,,,,,,,,,,,,,,,,,,,,,,,,
truthseeker,svm,tfidf,42,0.7554383669760462,0.003139832361376733,0.7493424693932561,0.7617340855290198,0.7581581967275699,0.7553828431031303,0.7564686094826114,0.8170982990588919,0.2405585676799546,,,4.703,0.268,1274.9,0.0,0,3bda4457c1cc03871c6496ea2af2c4e60872accf,,,,,,,,,,,,,,,,,,,,,,,,,,,,,,,,,
truthseeker,svm,tfidf,71,0.7451310137579915,0.0029663441325254165,0.7390900121375896,0.7509941195686161,0.7453741694527746,0.7462748891197715,0.7453731086976699,0.8133825575638761,0.24172464021252646,,,4.472,0.208,1262.4,0.0,0,3bda4457c1cc03871c6496ea2af2c4e60872accf,,,,,,,,,,,,,,,,,,,,,,,,,,,,,,,,,
truthseeker,svm,tfidf,89,0.6986634832163902,0.003191932147142665,0.6925353204672792,0.7049751724325398,0.7081500568579597,0.6977022106302729,0.7068651296259647,0.7755066670478268,0.24863063201454752,,,4.576,0.226,1247.1,0.0,0,3bda4457c1cc03871c6496ea2af2c4e60872accf,,,,,,,,,,,,,,,,,,,,,,,,,,,,,,,,,
euvsdisinfo,llama31-8b,lora_big,mean,0.9740002078835125,0.005957299069122297,0.9672588893699587,0.9807415263970662,0.9737024181990556,0.9745789823252872,0.9740606666666668,,,,,5226.629666666667,2613.3146666666667,5713.7,15112.5,83886080,,3.0,0.9676395072604553,0.9794489338003687,0.006211125965163094,0.9670147090415765,0.979289929485906,0.005461397941356127,0.9688576315697118,0.9797367159571483,0.005907402481914741,0.9677625000000001,0.9794784999999999,743.1859966396929,4589.897,6043.247,371.5928772976325,2294.948,3021.623,71.85005219204821,5641.9,5785.6,0.0,15112.5,15112.5,,,,,,,,,
euvsdisinfo,llama31-8b,zs_short,mean,0.6159465292154839,0.010046777852728934,0.6045775298158715,0.6273155286150962,0.7857411752443738,0.6666207234920639,0.6507456666666668,,,,,438.63733333333334,438.63733333333334,4895.066666666667,6503.666666666667,0,,3.0,0.6071713837489127,0.6269056589752641,0.0037429021274900413,0.7817308692213205,0.7891418211928465,0.009522198448639515,0.6587880962912409,0.6772198304189946,0.0034304992833891048,0.647463,0.654307,102.32606062159013,341.851,545.724,102.32606062159013,341.851,545.724,19.278571869651998,4881.3,4917.1,1.5143755588797367,6502.6,6505.4,,,,,,,,,
euvsdisinfo,lr,tfidf,mean,0.9367182273038402,0.004250361623606919,0.9329926210762584,0.9404438335314221,0.9365215238181696,0.9370589925109687,0.937106894280547,0.9817054785523631,0.4667793090594034,,,15.0006,6.9677999999999995,1280.4600000000003,0.0,0,,5.0,0.9305864980111599,0.9420372247704403,0.004391165141274309,0.9301223563156337,0.9419096750581969,0.004140208126406878,0.9311601275358771,0.9423374503091076,0.003964899365917804,0.9316177884615384,0.9421155234657037,0.6196816117975427,13.978,15.627,0.21113313335428915,6.72,7.261,201.788287568927,1070.9,1573.6,0.0,0.0,0.0,0.002363508989250847,0.9780346353879732,0.9838974143185196,0.015880019867564942,0.45150025460610743,0.48717015566016525,,,
euvsdisinfo,mbert,finetune,mean,0.9576193487058019,0.0059147965040296634,0.9524348009798153,0.9628038964317885,0.9579502367909456,0.9574301042777874,0.9579372595052528,0.9912512867549934,0.5227764116501599,0.5056596675268561,,823.8933999999999,382.942,4376.7,2427.0,177854978,,5.0,0.9511453582461395,0.9640019851181915,0.005300944442219859,0.9515180592188657,0.9636536998541229,0.006490698767989117,0.950359500955843,0.9644749793570664,0.005730815676027149,0.951268501805054,0.964168215613383,7.469796034698661,815.797,833.538,11.358404751548509,373.708,400.739,53.93092804690105,4303.4,4432.1,0.0,2427.0,2427.0,0.0016370997252172141,0.9896817344156476,0.9934745710084192,0.01936110188881852,0.5015641226880176,0.5499575417367781,0.018082034383670977,0.48814865018302905,0.5320573953402084
euvsdisinfo,qwen25-14b,zs_short,mean,0.8345486998926401,0.015741741285984663,0.8167352426974458,0.8523621570878345,0.8397003607108192,0.833498088498058,0.8363073333333334,,,,,613.2006666666666,613.2006666666666,5489.433333333333,10702.800000000001,0,,3.0,0.8241575801961931,0.8526601759803512,0.014431879642491633,0.8290495491290262,0.8561252849373157,0.016110600567385735,0.8234585436240544,0.8520809396668227,0.01507254117039773,0.8256720000000001,0.8535560000000001,56.81492981895983,547.993,652.042,56.81492981895983,547.993,652.042,425.2091759749936,5164.6,5970.7,1.5099668870541019,10701.2,10704.2,,,,,,,,,
euvsdisinfo,qwen25-7b,lora_big,mean,0.9502339589790102,0.0064547387373676875,0.942929734489777,0.9575381834682434,0.9506908036039187,0.9516649863930863,0.9502903333333333,,,,,4286.692333333333,2143.346,5735.733333333334,14068.700000000003,80740352,,3.0,0.9435564436991613,0.956440075060639,0.0065256825992052025,0.9443204870765529,0.9573614796041003,0.006675584552903735,0.9444879519001453,0.9576888806202969,0.006455190650424939,0.943584,0.956461,407.26000952503693,4046.159,4756.914,203.63015241608986,2023.079,2378.457,93.23069952184925,5629.8,5805.3,2.227797943108433e-12,14068.7,14068.7,,,,,,,,,
euvsdisinfo,qwen25-7b,zs_short,mean,0.6285366880910904,0.012868000885285062,0.6139751742919891,0.6430982018901917,0.6337457436263972,0.632202485659906,0.6293213333333334,,,,,386.14466666666664,386.14466666666664,5715.566666666666,5968.0,0,,3.0,0.6206122652728354,0.6433841229261213,0.014150431811238937,0.6245594427441199,0.6500411856174729,0.012976672877640049,0.624399737083023,0.6471823018495239,0.013302256400074855,0.62086,0.644654,13.578678924451145,370.9,396.942,13.578678924451145,370.9,396.942,21.69615941435989,5693.1,5736.4,0.6082762530296425,5967.3,5968.4,,,,,,,,,
euvsdisinfo,rf,tfidf,mean,0.9390454483917414,0.005241910643887151,0.9344507111273106,0.9436401856561722,0.938681736465089,0.9397711360301431,0.9393811013204771,0.985556876798403,0.4887375902677967,,,16.701600000000003,7.7602,1488.92,0.0,0,,5.0,0.9301638716483814,0.9432918654892635,0.005363696339858878,0.9295675787286195,0.9427432657707197,0.0052111835671290055,0.9309027555255792,0.9440739074483049,0.004904033636104062,0.931176923076923,0.9436508763619138,0.8309312847642699,15.798,18.023,0.3660979377161251,7.165,8.133,394.074754329683,1154.5,2158.5,0.0,0.0,0.0,0.0034932275336996286,0.9799975158695972,0.9883149385715869,0.01827145348615692,0.47374927992007,0.513652178957933,,,
euvsdisinfo,svm,tfidf,mean,0.9539778888848444,0.002324237035759833,0.951940605297794,0.9560151724718947,0.9541105641264951,0.9539200789485582,0.9542995710503914,0.9907906508225583,0.46327275464332895,,,15.1204,7.0283999999999995,1311.1200000000001,0.0,0,,5.0,0.95089786009822,0.9572728237918973,0.0020966192907614354,0.9517584509921381,0.9572491318340244,0.0025693384825552033,0.950170470011594,0.957338336476305,0.0020773929124165433,0.951770673076923,0.9573319727891156,0.09718178841737801,14.974,15.211,0.2197004779239225,6.821,7.313,307.12265790722773,1053.0,1813.9,0.0,0.0,0.0,0.0016001161228181718,0.9885396754555327,0.9929262294631156,0.009989717128406848,0.45370964160208366,0.47870135963052063,,,
liar,bert_base,finetune,mean,0.6194145845211978,0.007601558751545219,0.6127515244966597,0.6260776445457359,0.6752603185995698,0.6121492264129088,0.7348244029075806,0.7090749743599651,0.5126573835976368,0.4465506959743878,,374.1384,194.25680000000003,1568.24,2461.1600000000003,109483778,,5.0,0.6073161564667818,0.6259407136636702,0.012327713678523722,0.6576959072627833,0.6907552040168672,0.0052662701417550625,0.6041974692538183,0.617137406532201,0.008356470779654741,0.7232559709241952,0.7424397715472483,11.305417011326922,354.861,384.069,5.869763768670769,184.248,199.413,7.502866119024167,1557.6,1576.0,16.189132157098598,2432.2,2468.4,0.008343740582993236,0.6969765350288157,0.7180229840774073,0.03081378359472495,0.4598122144704018,0.5380611436515041,0.019901576726555435,0.416859640636634,0.4654745073602298
liar,distilbert,finetune,mean,0.620464318824869,0.010811553982062228,0.6109875739235195,0.6299410637262184,0.664725291662679,0.613698741923477,0.7287809968847352,0.7077451560018868,0.5028964123486512,0.4415722727727596,,190.1504,98.7282,1363.26,1397.1199999999997,66955010,,5.0,0.6085744621168514,0.631738883293668,0.013667379660037667,0.640739579654085,0.6741699161931236,0.008818831784867325,0.6035491152136941,0.622774630114719,0.00775139063683345,0.7188608515057112,0.7386318795430945,8.413198398944365,177.59,201.305,4.368179105760203,92.207,104.52,300.57572756295536,825.6,1500.1,36.85040026919648,1331.2,1413.6,0.013560592182132547,0.6840430978121403,0.7178371204664843,0.025331678778458218,0.46278765197429395,0.5318038104293502,0.013116428303591844,0.4234185213658319,0.45672774363530233
liar,llama31-8b,lora_basic,mean,0.6319022365391473,0.011915529731378055,0.608903792311558,0.6545880013992692,0.647348449798586,0.625364143424309,0.716614745586708,,,,,644.381,334.57,5094.5,0.0,0,3bda4457c1cc03871c6496ea2af2c4e60872accf,1.0,,,,,,,,,,,,,,,,,,,,,,,,,,,,,,,,
liar,llama31-8b,lora_big,mean,0.5862258362880189,0.11899146686317957,0.4515743156555576,0.7208773569204803,0.6410141530792014,0.6419423622271782,0.6135392869505019,,,,,2116.3383333333336,1098.8256666666668,5263.099999999999,3346.9666666666667,27962026,,3.0,0.44883650517915874,0.6563689352534621,0.02329407413368894,0.6141663488285912,0.6558559568006997,0.04772962756615483,0.5884511147929017,0.6801828623485064,0.13873243257988643,0.4538722741433022,0.7046209761163031,1318.9222711692807,1348.528,3639.281,684.7987345376256,700.17,1889.554,260.73728156901535,4962.2,5422.4,5797.116317906112,0.0,10040.9,,,,,,,,,
liar,llama31-8b,lora_natural_distribution,mean,0.530846750707862,0.027984206235902486,0.49917964026128364,0.5625138611544404,0.7403604014926892,0.5580500931828258,0.7274103496019384,,,,,1365.2169999999999,708.835,5385.666666666666,0.0,0,,3.0,0.4994792425435767,0.5532517674932579,0.0429802293238436,0.7043074057130436,0.7879239309567042,0.016953750669926895,0.5389429269555401,0.571293772616377,0.014427637677900583,0.7181033229491173,0.744030114226376,21.638492114747766,1347.852,1389.458,11.234779748619953,699.819,721.421,58.02123174608862,5318.7,5420.9,0.0,0.0,0.0,,,,,,,,,
liar,llama31-8b,zs_short,mean,0.5285353668826879,0.002580498646901237,0.5256152577693614,0.5314554759960144,0.5888830593780284,0.5986070360938723,0.5310659911665367,,,,,475.22,370.397,5064.766666666667,0.0,0,,3.0,0.5256416031310689,0.530597530628067,0.00401338669955389,0.586189666827092,0.5934957164960476,0.004994351788215093,0.5938947392360028,0.6038422891626095,0.003089919584008585,0.527879968823071,0.534049883086516,0.38006315264702595,474.836,475.596,0.29604560459496015,370.098,370.69,5.122824741618225,5061.0,5070.6,0.0,0.0,0.0,,,,,,,,,
liar,lr,tfidf,mean,0.6314587256162396,0.00824207753099282,0.6242342261272712,0.638683225105208,0.6296347771358227,0.6350277472803011,0.6886772585669781,0.6967008146839385,0.34740560708235674,,,0.2238,0.1162,435.78000000000003,0.0,0,,5.0,0.6199083626718511,0.6416862297133453,0.008947736328659072,0.6162181294489651,0.6396136912430609,0.00619008957419726,0.6298444759176189,0.6446020869208866,0.009898760747443374,0.6783956386292834,0.7023790238836969,0.005890670590009262,0.214,0.229,0.003114482300479485,0.111,0.119,1.8430952227164006,434.0,438.1,0.0,0.0,0.0,0.004272195824581517,0.6934245074424107,0.7041507383307513,0.0125598829188053,0.3281466438992746,0.3622347955337918,,,
liar,mbert-base,transfer_pl_claims,mean,0.36361214166922684,0.13030312263597985,0.21616027752616854,0.5110640058122852,0.6226935632089835,0.604054121354478,0.3684771386430678,0.8398429137707369,0.2815309838724259,0.2874974164869279,,321.3856666666667,711.0303333333333,810.5333333333333,2409.7999999999997,177854978,,3.0,0.27781562639531987,0.5135530181261059,0.028356113968411065,0.6018191994180146,0.6549771384368062,0.06943514693123547,0.5611992952901506,0.6841657532330184,0.12859771864054007,0.28325221238938053,0.5163982300884955,17.73722372112764,309.105,341.721,39.24240488723051,683.861,756.021,73.31523261460295,745.9,890.2,4.503332099679186,2404.6,2412.4,0.025967656216878358,0.8098620773957873,0.8552590749462402,0.03840433385629174,0.23858832275346578,0.3125855681049613,0.011962728302742368,0.27643060685932047,0.30018981298566566
liar,qwen25-14b,lora_basic,mean,0.4158269885557797,0.003982061021686653,0.40823831993988896,0.42382614188279194,0.5046385193500447,0.5001415539234295,0.7069735202492211,,,,,1168.997,606.956,2090.1,0.0,0,3bda4457c1cc03871c6496ea2af2c4e60872accf,1.0,,,,,,,,,,,,,,,,,,,,,,,,,,,,,,,,
liar,qwen25-14b,zs_short,mean,0.29289614722627694,0.005154061017045094,0.2870637781356799,0.29872851631687397,0.5943068771485618,0.5209452917914952,0.3377513639906469,,,,,878.8333333333334,684.9830000000001,3120.1,0.0,0,,3.0,0.28713532895207655,0.29707041670211276,0.025758807272466783,0.5749681281775854,0.6235472951238146,0.005694568112385251,0.5175903920737677,0.5275203524862245,0.007663090661029562,0.32904053000779426,0.3434536243180047,0.6545229815165493,878.182,879.491,0.5105183640183563,684.475,685.496,1374.3360979032748,1549.6,4102.7,0.0,0.0,0.0,,,,,,,,,
liar,qwen25-7b,lora_basic,mean,0.28102217197701745,0.0087628114871851,0.2642898100242556,0.2985709990089361,0.5851909421003629,0.5174611205048718,0.325367601246106,,,,,644.139,334.444,4720.9,0.0,0,3bda4457c1cc03871c6496ea2af2c4e60872accf,1.0,,,,,,,,,,,,,,,,,,,,,,,,,,,,,,,,
liar,qwen25-7b,lora_big,mean,0.6432823100683431,0.006996512002770638,0.6353650114154945,0.6511996087211918,0.6427414073329237,0.6642223447460719,0.6736135340948425,,,,,1863.1656666666665,967.3756666666667,5002.066666666667,3363.4,26913450,,3.0,0.6361424977949112,0.6501261268223525,0.01008648778768852,0.6336048206175215,0.6535650442691296,0.016804015909844497,0.6518040326384406,0.6833432820091708,0.0012998290018555248,0.6721292834890966,0.6745488058151609,919.0986896423765,1329.091,2924.442,477.2061393782915,690.078,1518.402,55.83702475359242,4937.6,5035.2,5825.579686177162,0.0,10090.2,,,,,,,,,
liar,qwen25-7b,lora_natural_distribution,mean,0.5364428764052923,0.016492177572830103,0.517780220609347,0.5551055322012376,0.7080024831894797,0.5591442063078063,0.7228137763932158,,,,,1340.3769999999997,695.938,5016.133333333334,0.0,0,,3.0,0.5224777211212063,0.5546380696883124,0.035988366701411076,0.6679415072874912,0.7375985968476853,0.006451744554817857,0.5546927393703739,0.5665432693986644,0.007101744767916225,0.7167082035306334,0.7306074766355141,0.32691436187479844,1340.06,1340.713,0.1692217480112826,695.774,696.112,15.532653776265521,4998.7,5028.5,0.0,0.0,0.0,,,,,,,,,
liar,qwen25-7b,zs_short,mean,0.3236698070697024,0.01347772880189992,0.30841832118009266,0.3389212929593121,0.5633443368953602,0.5237089101798156,0.35488048843855546,,,,,472.09100000000007,367.95866666666666,4740.633333333333,0.0,0,,3.0,0.31360874517236537,0.3389828692622343,0.018750416348102875,0.5429074814148673,0.5797538321347775,0.007130961676149642,0.5164619573841561,0.5307179250591616,0.014517904704626338,0.3429392049883087,0.37104053000779424,2.1240171844879256,469.644,473.458,1.655015810599193,366.052,369.024,0.3511884584283211,4740.3,4741.0,0.0,0.0,0.0,,,,,,,,,
liar,rf,tfidf,mean,0.5683406642593717,0.011971581895956396,0.5578471100596865,0.5788342184590569,0.718256196281627,0.5774397001269369,0.7385701973001039,0.6877571050684507,0.4677882095926025,,,1.0850000000000002,0.5631999999999999,564.8599999999999,0.0,0,,5.0,0.5480788199515902,0.5782120539241322,0.025306002636294848,0.6871424141073033,0.7510364216885916,0.006604309874292604,0.5659706825427665,0.581876782090442,0.014558267525555687,0.7148946002076842,0.7505321910695744,0.02236067977499796,1.051,1.112,0.011755849607748439,0.545,0.577,3.8746612755181284,559.2,569.8,0.0,0.0,0.0,0.009407255772871392,0.6785252663202707,0.7024319379600061,0.014200055833461449,0.44302186449198694,0.47689721331809576,,,
liar,svm,tfidf,mean,0.6111686061333005,0.00875590761763765,0.603493714715304,0.618843497551297,0.6133909731749473,0.6100314186112163,0.6830444444444443,0.6677238924950586,0.3311972036711814,,,0.2464,0.1278,436.73999999999995,0.0,0,,5.0,0.5993891581147507,0.623879635812778,0.010609721737183485,0.5979030127370865,0.627803909574478,0.0073190957704547255,0.6016876052697815,0.6213379196944069,0.009895454548695582,0.6709065420560747,0.6933146417445484,0.0059833101206606416,0.239,0.255,0.003033150177620623,0.124,0.132,2.556951309665483,434.5,440.6,0.0,0.0,0.0,0.00560092537769646,0.6618815759305033,0.6743203135144062,0.012729319589277312,0.3122263762300647,0.3450590749510932,,,
pl_claims,herbert,finetune,mean,0.7866436797209408,0.022874694885815894,0.7665931256110744,0.8066942338308073,0.7763228164117263,0.8046181869765985,0.8521513274336284,0.9203353580971004,0.12509858585828176,0.09425226089047864,,179.66399999999996,397.48699999999997,1396.4599999999998,2767.6,124444418,,5.0,0.7514402629600149,0.8083703891547093,0.028407951099425444,0.731231604255903,0.8002520057285336,0.022695273061198885,0.7894102290750403,0.8442401270817939,0.0135641480695043,0.8317920353982301,0.865349557522124,1.5568012076048718,178.323,182.343,3.444272492123696,394.52,403.414,6.990207436120964,1392.6,1408.9,0.0,2767.6,2767.6,0.020633485592361916,0.8917883123531969,0.9457465071621435,0.0317356221067867,0.07920733740371942,0.15681541528124204,0.01724339538572887,0.06386547260893367,0.10560636436487333
pl_claims,llama31-8b,zs_short,mean,0.44117314732487395,0.010970359927728594,0.4287590164204068,0.4535872782293411,0.4107682118274403,0.4900346228085444,0.7789004424778762,,,,,259.2853333333333,573.6403333333333,5072.133333333334,0.0,0,,3.0,0.4312419821344008,0.4529488521960733,0.03315564097703797,0.3852096359184726,0.4482328380766972,0.000994977272120942,0.4890808349038333,0.4910662205076489,0.018505473808839816,0.7584491150442477,0.7944889380530974,2.3041172568541928,256.894,261.491,5.09841949366006,568.349,578.521,12.464482874685816,5064.2,5086.5,0.0,0.0,0.0,,,,,,,,,
pl_claims,lr,tfidf,mean,0.766025410095522,0.020833657637499704,0.7477639040141385,0.7842869161769056,0.7457535920409131,0.8137202512574673,0.8226911504424779,0.8893767176057021,0.2051359451328283,,,0.0668,0.1476,395.26000000000005,0.0,0,,5.0,0.7369178392508697,0.788882772387147,0.019722873808018716,0.7194952811343888,0.7646684289454438,0.021769821342171425,0.7861578960417382,0.8439279706310859,0.017888960442930105,0.796245575221239,0.8437477876106195,0.00044721359549995833,0.066,0.067,0.0015165750888103114,0.145,0.149,1.1802542099056619,394.2,397.1,0.0,0.0,0.0,0.014958386436766731,0.870926408746408,0.9126958931976696,0.01317492360393471,0.18636054381450876,0.21589253205969128,,,
pl_claims,mbert,finetune,mean,0.7666263122992273,0.03430251400641839,0.7365588330771712,0.7966937915212834,0.7619214519865014,0.7748384312208684,0.8426924778761062,0.905112135688191,0.11207550420565945,0.08490370359135456,,172.0036,380.5386,1859.9599999999998,2427.0,177854978,,5.0,0.7249875641998975,0.8043082105305075,0.033517714204244854,0.71537322969276,0.7960763622165818,0.03687333960022212,0.732500782751514,0.8151023006519527,0.023523539420424774,0.8072323008849558,0.8715907079646017,0.8694606374068963,171.261,173.401,1.9233249335460698,378.896,383.63,6.419735197031108,1850.5,1867.8,0.0,2427.0,2427.0,0.01863419113790482,0.877986869784065,0.9277426540679478,0.019668647501415466,0.0861552150639813,0.13412591993017536,0.021819558026556926,0.06455321926501059,0.12117211726598175
pl_claims,mbert-base,transfer_liar,mean,0.3136010024302121,0.03513761764206677,0.2738390449417265,0.3533629599186977,0.5780253888580283,0.5253577591638567,0.3502139148494288,0.6189512433410228,0.625823332459075,0.2470189435642578,,181.96433333333334,94.47766666666666,904.1666666666666,2427.0,177854978,,3.0,0.2804495491011965,0.35043476528262957,0.009765145262245402,0.5710108105527525,0.589178253881202,0.013331551237450492,0.5151171946112331,0.5404318541081581,0.025151025024565947,0.3241848390446521,0.37438369678089306,3.0337525168235713,179.896,185.447,1.5752086634263232,93.404,96.286,278.1689115148084,718.6,1224.0,0.0,2427.0,2427.0,0.0011827639026921204,0.6176742800714499,0.620009193753709,0.028598616341815576,0.5935255337974612,0.647932098220999,0.010255334424214424,0.2396352818774536,0.2587284448438647
pl_claims,qwen25-7b,zs_short,mean,0.5588034254969317,0.013318659584128546,0.5437319433724942,0.5738749076213693,0.558546319393327,0.5755603708657315,0.6722942477876105,,,,,245.08233333333337,542.2173333333333,4729.533333333334,0.0,0,,3.0,0.5437005667421027,0.5688677090666264,0.013219995255683625,0.5434356027566329,0.567977299369805,0.019474738447493974,0.5533665456329743,0.5897943248831234,0.01025080985628394,0.661179203539823,0.6813761061946902,2.5196492480766786,242.547,247.586,5.5748264845942375,536.608,547.757,1.955334583474814,4727.5,4731.4,0.0,0.0,0.0,,,,,,,,,
pl_claims,rf,tfidf,mean,0.680754642812036,0.04433729352264865,0.6418912915280747,0.7196179940959974,0.7160142638987812,0.6662291896367091,0.8124761061946902,0.8595929405502977,0.06556493943884481,,,0.2548,0.5636,421.84,0.0,0,,5.0,0.6251759812690675,0.740047626521456,0.04679726995903245,0.6723678541053364,0.7916980651471228,0.041677428311527924,0.6120440516169567,0.7132718390191264,0.031011440017431235,0.780712389380531,0.8560796460176991,0.010183319694480783,0.245,0.267,0.02270022026324851,0.542,0.591,0.8111719916269194,421.1,422.9,0.0,0.0,0.0,0.023330395168065978,0.840490245714725,0.8993119600026239,0.015192643252066915,0.046858407079646086,0.0844864992790112,,,
pl_claims,svm,tfidf,mean,0.7570073605730356,0.012352736202401505,0.7461797098932123,0.767835011252859,0.7470760060874918,0.7722827036194705,0.8317154867256636,0.8777991784392564,0.22067515564194612,,,0.0678,0.1496,395.78,0.0,0,,5.0,0.7436878972768782,0.7710418404463327,0.015750125779675404,0.7310470674135322,0.768871966177727,0.011921238001605038,0.7590698185979208,0.7887193167213945,0.010029615940988048,0.8206482300884955,0.8433119469026549,0.0008366600265340763,0.067,0.069,0.0015165750888103116,0.148,0.152,2.3188359148503834,394.0,399.8,0.0,0.0,0.0,0.014891257999337043,0.8671737108610961,0.902684427171648,0.007584100978438086,0.2132152733933892,0.23185441948787938,,,
truthseeker,bert_base,finetune,mean,0.7647875715120591,0.025173313426619708,0.7427221894160538,0.7868529536080644,0.7671675509781097,0.7657304141945496,0.7677595217254893,0.8340495556198981,0.414728647805567,0.28037132746633936,,1408.9348000000002,70.133,2782.82,2355.9,109483778,,5.0,0.734250790514916,0.7888768481699672,0.0224860133742434,0.7343211539115163,0.7889092958160923,0.0265045885028448,0.7342729762101023,0.7888598577389009,0.024486494163513978,0.7342730250055322,0.7896752529471828,8.973900083018515,1398.074,1421.057,6.514732496426848,62.893,79.576,51.84290694010133,2734.0,2845.3,0.0,2355.9,2355.9,0.025098865184611765,0.7927491357877795,0.859238903477934,0.0537565248896233,0.3411175434252041,0.4835469645243259,0.03468076086334699,0.24293684905376667,0.32850345714890844
truthseeker,distilbert,finetune,mean,0.7624802156786111,0.03535553853133525,0.7314897197640371,0.7934707115931852,0.7687523901276276,0.7639908742131107,0.7662140691396928,0.832127109034748,0.41005007391395704,0.2834158693285461,,708.9218,35.2888,2668.1200000000003,1293.2,66955010,,5.0,0.7129103685919332,0.7975032795053588,0.03469628748645758,0.7133086357755469,0.8049296155418212,0.03680904605598165,0.7130177347327532,0.7975088007399982,0.03491246635933229,0.7130170834255366,0.7991639820137744,4.287027956521847,703.056,713.933,3.2825701363413406,31.597,40.017,45.720531492973706,2618.8,2722.4,0.0,1293.2,1293.2,0.03157277554334577,0.7781570885975668,0.8539696311605862,0.05039420524182315,0.3364441148153221,0.4727770588579596,0.046634488508318334,0.22575589195917636,0.3547705157842573
truthseeker,ensemble,text_meta,mean,0.7597363241107519,0.032838719132884574,0.7309519176668919,0.7885207305546118,0.763569237743458,0.7611305007862119,0.7627148666549877,0.8329191791613167,0.3244291325667231,,,9.586,0.47779999999999995,1376.6,0.0,0,,5.0,0.7117440304600906,0.7950031588236913,0.034236525958403506,0.7129035584583546,0.8033740042355889,0.03302883315369767,0.7120439992619534,0.7950958763706969,0.03284781495012631,0.7120440362912148,0.7968568501337584,0.17972478960900196,9.346,9.833,0.0510019607466223,0.414,0.544,19.416101565453356,1354.5,1399.4,0.0,0.0,0.0,0.03243241410504173,0.7788098833811118,0.8624279323837873,0.04509279426788593,0.2667480723127385,0.38728393219532636,,,
truthseeker,llama31-70b,lora_big,mean,0.8178128492439134,0.013916173187905695,0.7904541655431389,0.8440031551940911,0.8276326376412658,0.8192819766202128,0.81914,,,,,10406.813,13008.516,6632.3,52544.2,414187520,unknown,1.0,,,,,,,,,,,,,,,,,,,,,,,,,,,,,,,,
truthseeker,llama31-8b,lora_basic,mean,0.3544105686961957,0.007076242815963843,0.3408632086182338,0.3679358103479478,0.47462088840161887,0.4974407101949838,0.5035475,,,,,838.492,419.246,5530.9,0.0,0,3bda4457c1cc03871c6496ea2af2c4e60872accf,1.0,,,,,,,,,,,,,,,,,,,,,,,,,,,,,,,,
truthseeker,llama31-8b,lora_big,mean,0.6636497868392573,0.14170706012916365,0.5032931525884368,0.8240064210900779,0.7299826107664126,0.6922028900054761,0.6842933333333333,,,,,2248.5076666666664,1124.2536666666665,5329.033333333334,3855.1,27962026,,3.0,0.500319044942504,0.7538704166406739,0.0334463478239375,0.6922547561537069,0.7559960081581436,0.09494868100849713,0.5829416860229639,0.754691227260296,0.10677382456544926,0.561387,0.754183,816.8803083024668,1767.266,3191.694,408.44029552595975,883.633,1595.847,54.20372065950229,5296.3,5391.6,6677.229068258778,0.0,11565.3,,,,,,,,,
truthseeker,llama31-8b,zs_short,mean,0.38034233123632366,0.018774211781596644,0.35909731063350503,0.4015873518391423,0.3905712938695575,0.4196384866202119,0.42732416666666667,,,,,862.4836666666666,431.242,5290.366666666667,0.0,0,,3.0,0.36043367263631587,0.3977266681124673,0.022294876721657562,0.36631944467361427,0.4101770169920102,0.021435289810757947,0.39573236226205466,0.4371453369569739,0.02942600051116927,0.395708,0.45391200000000004,3.223515523978959,859.934,866.107,1.6120387712458968,429.967,433.054,9.096336258809796,5283.2,5300.6,0.0,0.0,0.0,,,,,,,,,
truthseeker,lr,tfidf,mean,0.7598063797001707,0.03378701903465502,0.7301907517432921,0.7894220076570494,0.7637774367296523,0.7614233127989082,0.7627332278701044,0.8326223437577205,0.2866096008924026,,,4.2222,0.21000000000000002,1252.8200000000002,0.0,0,,5.0,0.7103257979749616,0.7950338628514453,0.03467910668366802,0.7105968078817438,0.8016116821960282,0.03430750060853243,0.7104017983072738,0.7950058497176685,0.03368008965543462,0.7104019473334808,0.7965713472593773,0.061063082136427006,4.167,4.323,0.019949937343259998,0.191,0.241,19.249467525103157,1228.0,1279.7,0.0,0.0,0.0,0.03325330026718325,0.7759734059095477,0.8613495416551789,0.03569869867656718,0.2605857456677029,0.3489320428136689,,,
truthseeker,qwen25-14b,lora_basic,mean,0.557681427664942,0.011301596740679948,0.5363870740427799,0.5813117769598821,0.5600538246085075,0.5594141865665767,0.5587230000000001,,,,,1535.476,767.738,3372.9,0.0,0,3bda4457c1cc03871c6496ea2af2c4e60872accf,1.0,,,,,,,,,,,,,,,,,,,,,,,,,,,,,,,,
truthseeker,qwen25-14b,zs_short,mean,0.35686808633030326,0.02958407989583559,0.32339054840679066,0.39034562425381586,0.39559552400232373,0.4724116944030616,0.48446133333333324,,,,,1616.2223333333334,808.111,2753.2666666666664,0.0,0,,3.0,0.32847956130953027,0.3875179411619006,0.0724191670320663,0.32017664654186034,0.4645864340146263,0.023481107850926653,0.4458874630351066,0.49054323394015,0.035719379041121824,0.44586149999999997,0.5163475,11.68919853254847,1602.732,1623.349,5.844446851499296,801.366,811.674,1555.5119746672906,977.9,3876.9,0.0,0.0,0.0,,,,,,,,,
truthseeker,qwen25-7b,lora_basic,mean,0.4874701854123515,0.010870425087233362,0.46613837696560184,0.5073808319664116,0.5773396679420493,0.5427794455727433,0.5470750000000001,,,,,831.44,415.72,5142.5,0.0,0,3bda4457c1cc03871c6496ea2af2c4e60872accf,1.0,,,,,,,,,,,,,,,,,,,,,,,,,,,,,,,,
truthseeker,qwen25-7b,lora_big,mean,0.5483312979805639,0.22019420549461782,0.29915809770058965,0.7975044982605382,0.6013526662539127,0.6239538452780914,0.6359698333333333,,,,,2542.672666666667,1271.3363333333334,5187.4,3789.2333333333336,26913450,,3.0,0.3393244777305243,0.7782245001547442,0.2983924997750984,0.25684425,0.7784594272860614,0.1417153826848764,0.5,0.7784501327555438,0.13344625195779514,0.5136885,0.7783100000000001,1415.3795561846061,1716.634,4176.98,707.6897780923031,858.317,2088.49,342.12236115167906,4802.5,5456.9,6563.14465506691,0.0,11367.7,,,,,,,,,
truthseeker,qwen25-7b,zs_short,mean,0.391276163836446,0.02125335609613551,0.36722572734440384,0.4153266003284881,0.42513933286373845,0.4600007691959296,0.46982349999999995,,,,,850.4290000000001,425.2146666666667,4957.933333333333,0.0,0,,3.0,0.3668156763854444,0.40522935869116805,0.03355654947834925,0.38643149075887984,0.44601615659917254,0.020806566835693922,0.43598982395526636,0.47272673121632414,0.02989474844767884,0.43597700000000006,0.492621,4.397163972380374,845.914,854.698,2.1985959913848037,422.957,427.349,8.240347889096467,4950.9,4967.0,0.0,0.0,0.0,,,,,,,,,
truthseeker,rf,tfidf,mean,0.7665746530347908,0.021744613884767075,0.7475146585967873,0.7856346474727942,0.7783939485181414,0.76767445533563,0.7714746764803674,0.8336997665263061,0.2594958869548492,,,38.1918,1.9072,1917.7199999999998,0.0,0,,5.0,0.7308250168665936,0.7894115011050031,0.024517394629154542,0.7420940475045388,0.8063971194887092,0.020735961791350146,0.7332827938722575,0.7881101637941766,0.024396078346670902,0.7332827616729364,0.7996531608747597,1.5820841317704954,36.192,40.143,0.2569235294791039,1.602,2.243,17.16062353179512,1903.2,1938.5,0.0,0.0,0.0,0.03437780150064825,0.776899308373735,0.8621530237300022,0.020629994671696215,0.2438922261653009,0.29565192092833814,,,
truthseeker,svm,tfidf,mean,0.7162213048612921,0.034745358102808606,0.6857656556740744,0.7466769540485098,0.7195025002091681,0.7190160564081862,0.7187044201206997,0.7886246327564068,0.22467171635763944,,,4.5234000000000005,0.22560000000000002,1250.98,0.0,0,,5.0,0.6701002758991458,0.7554383669760462,0.034430092926484586,0.6701614140596805,0.7581581967275699,0.03518977829447464,0.6701268707033832,0.7553828431031303,0.034108088970043526,0.6701266651914141,0.7564686094826114,0.1229910565854281,4.376,4.703,0.02653865105840913,0.199,0.268,17.436656789648687,1233.9,1274.9,0.0,0.0,0.0,0.0335713507853297,0.7361039527185039,0.8170982990588919,0.03152393556120484,0.17133181402277517,0.24863063201454752,,,
